,Mouse ID,Drug Regimen,Sex,Age_months,Weight (g),Timepoint,Tumor Volume (mm3),Metastatic Sites
0,k403,Ramicane,Male,21,16,0,45.0,0
1,k403,Ramicane,Male,21,16,5,38.82589807,0
2,k403,Ramicane,Male,21,16,10,35.01427146,1
3,k403,Ramicane,Male,21,16,15,34.22399174,1
4,k403,Ramicane,Male,21,16,20,32.99772858,1
5,k403,Ramicane,Male,21,16,25,33.46457735,1
6,k403,Ramicane,Male,21,16,30,31.09949753,1
7,k403,Ramicane,Male,21,16,35,26.54699343,1
8,k403,Ramicane,Male,21,16,40,24.36550471,1
9,k403,Ramicane,Male,21,16,45,22.05012627,1
10,s185,Capomulin,Female,3,17,0,45.0,0
11,s185,Capomulin,Female,3,17,5,43.87849569,0
12,s185,Capomulin,Female,3,17,10,37.61494768,0
13,s185,Capomulin,Female,3,17,15,38.17723195,0
14,s185,Capomulin,Female,3,17,20,36.86687576,0
15,s185,Capomulin,Female,3,17,25,33.94994037,0
16,s185,Capomulin,Female,3,17,30,32.95967078,1
17,s185,Capomulin,Female,3,17,35,28.32853059,1
18,s185,Capomulin,Female,3,17,40,25.47214326,1
19,s185,Capomulin,Female,3,17,45,23.34359787,1
20,x401,Capomulin,Female,16,15,0,45.0,0
21,x401,Capomulin,Female,16,15,5,45.47375302,0
22,x401,Capomulin,Female,16,15,10,39.11389068,0
23,x401,Capomulin,Female,16,15,15,39.77625003,0
24,x401,Capomulin,Female,16,15,20,36.06583471,0
25,x401,Capomulin,Female,16,15,25,36.61712031,0
26,x401,Capomulin,Female,16,15,30,32.91529186,0
27,x401,Capomulin,Female,16,15,35,30.20682488,0
28,x401,Capomulin,Female,16,15,40,28.16739732,0
29,x401,Capomulin,Female,16,15,45,28.48403281,0
30,m601,Capomulin,Male,22,17,0,45.0,0
31,m601,Capomulin,Male,22,17,5,41.40859145,1
32,m601,Capomulin,Male,22,17,10,36.82536664,1
33,m601,Capomulin,Male,22,17,15,35.46461175,1
34,m601,Capomulin,Male,22,17,20,34.2557317,1
35,m601,Capomulin,Male,22,17,25,33.11875607,1
36,m601,Capomulin,Male,22,17,30,31.75827491,1
37,m601,Capomulin,Male,22,17,35,30.83435704,1
38,m601,Capomulin,Male,22,17,40,31.3780453,1
39,m601,Capomulin,Male,22,17,45,28.43096411,1
40,g791,Ramicane,Male,11,16,0,45.0,0
41,g791,Ramicane,Male,11,16,5,45.85153062,0
42,g791,Ramicane,Male,11,16,10,40.17055848,0
43,g791,Ramicane,Male,11,16,15,40.67812852,0
44,g791,Ramicane,Male,11,16,20,41.211897,0
45,g791,Ramicane,Male,11,16,25,35.56939935,1
46,g791,Ramicane,Male,11,16,30,34.95258284,1
47,g791,Ramicane,Male,11,16,35,30.96039194,1
48,g791,Ramicane,Male,11,16,40,31.36940573,1
49,g791,Ramicane,Male,11,16,45,29.12847181,1
50,s508,Ramicane,Male,1,17,0,45.0,0
51,s508,Ramicane,Male,1,17,5,38.71187185,0
52,s508,Ramicane,Male,1,17,10,34.8509979,0
53,s508,Ramicane,Male,1,17,15,35.27690634,0
54,s508,Ramicane,Male,1,17,20,35.92865083,0
55,s508,Ramicane,Male,1,17,25,36.33856894,0
56,s508,Ramicane,Male,1,17,30,35.47402235,0
57,s508,Ramicane,Male,1,17,35,35.8461407,0
58,s508,Ramicane,Male,1,17,40,32.79817119,0
59,s508,Ramicane,Male,1,17,45,30.27623175,0
60,f966,Capomulin,Male,16,17,0,45.0,0
61,f966,Capomulin,Male,16,17,5,38.79647373,0
62,f966,Capomulin,Male,16,17,10,35.6244027,0
63,f966,Capomulin,Male,16,17,15,32.62300253,0
64,f966,Capomulin,Male,16,17,20,30.48598484,0
65,m546,Ramicane,Male,18,16,0,45.0,0
66,m546,Ramicane,Male,18,16,5,42.99887638,0
67,m546,Ramicane,Male,18,16,10,43.74822357,0
68,m546,Ramicane,Male,18,16,15,39.89743533,0
69,m546,Ramicane,Male,18,16,20,36.71229535,0
70,m546,Ramicane,Male,18,16,25,37.44444543,0
71,m546,Ramicane,Male,18,16,30,37.96993365,0
72,m546,Ramicane,Male,18,16,35,38.62753581,1
73,m546,Ramicane,Male,18,16,40,35.1145752,1
74,m546,Ramicane,Male,18,16,45,30.56462509,1
75,z578,Ramicane,Male,11,16,0,45.0,0
76,z578,Ramicane,Male,11,16,5,42.18878662,0
77,z578,Ramicane,Male,11,16,10,42.95211843,0
78,z578,Ramicane,Male,11,16,15,38.68851607,0
79,z578,Ramicane,Male,11,16,20,36.89001635,0
80,z578,Ramicane,Male,11,16,25,37.41411419,0
81,z578,Ramicane,Male,11,16,30,37.81593487,0
82,z578,Ramicane,Male,11,16,35,38.50482444,0
83,z578,Ramicane,Male,11,16,40,34.02209336,0
84,z578,Ramicane,Male,11,16,45,30.63869575,0
85,j913,Ramicane,Female,4,17,0,45.0,0
86,j913,Ramicane,Female,4,17,5,44.01490022,0
87,j913,Ramicane,Female,4,17,10,44.49716216,0
88,j913,Ramicane,Female,4,17,15,45.25253427,0
89,j913,Ramicane,Female,4,17,20,42.16834132,0
90,j913,Ramicane,Female,4,17,25,37.86066936,0
91,j913,Ramicane,Female,4,17,30,34.75724046,0
92,j913,Ramicane,Female,4,17,35,35.17014843,0
93,j913,Ramicane,Female,4,17,40,31.00186078,1
94,j913,Ramicane,Female,4,17,45,31.56046955,1
95,u364,Capomulin,Male,18,17,0,45.0,0
96,u364,Capomulin,Male,18,17,5,45.76088647,1
97,u364,Capomulin,Male,18,17,10,46.56841719,2
98,u364,Capomulin,Male,18,17,15,47.21219992,2
99,u364,Capomulin,Male,18,17,20,40.34394812,2
100,u364,Capomulin,Male,18,17,25,35.50361557,2
101,u364,Capomulin,Male,18,17,30,35.9783344,2
102,u364,Capomulin,Male,18,17,35,35.45948978,2
103,u364,Capomulin,Male,18,17,40,36.02413752,2
104,u364,Capomulin,Male,18,17,45,31.02392294,3
105,n364,Ramicane,Male,4,17,0,45.0,0
106,n364,Ramicane,Male,4,17,5,45.52187471,0
107,n364,Ramicane,Male,4,17,10,40.3751382,0
108,n364,Ramicane,Male,4,17,15,36.94027399,0
109,n364,Ramicane,Male,4,17,20,37.4788685,0
110,n364,Ramicane,Male,4,17,25,33.20500824,0
111,n364,Ramicane,Male,4,17,30,33.817758,0
112,n364,Ramicane,Male,4,17,35,34.48752204,1
113,n364,Ramicane,Male,4,17,40,34.95473311,1
114,n364,Ramicane,Male,4,17,45,31.09533505,1
115,y793,Capomulin,Male,17,17,0,45.0,0
116,y793,Capomulin,Male,17,17,5,41.01991315,0
117,y793,Capomulin,Male,17,17,10,41.63001026,1
118,y793,Capomulin,Male,17,17,15,42.28366512,1
119,y793,Capomulin,Male,17,17,20,40.71642815,2
120,y793,Capomulin,Male,17,17,25,38.9927339,2
121,y793,Capomulin,Male,17,17,30,35.72602314,2
122,y793,Capomulin,Male,17,17,35,36.3278696,2
123,y793,Capomulin,Male,17,17,40,31.47541076,2
124,y793,Capomulin,Male,17,17,45,31.8962384,2
125,r554,Capomulin,Female,8,17,0,45.0,0
126,r554,Capomulin,Female,8,17,5,45.78174579,1
127,r554,Capomulin,Female,8,17,10,39.0054935,2
128,r554,Capomulin,Female,8,17,15,35.46375763,2
129,r554,Capomulin,Female,8,17,20,36.01558858,2
130,r554,Capomulin,Female,8,17,25,33.89334515,3
131,r554,Capomulin,Female,8,17,30,32.68065459,3
132,r554,Capomulin,Female,8,17,35,33.06933705,3
133,r554,Capomulin,Female,8,17,40,31.80484133,3
134,r554,Capomulin,Female,8,17,45,32.37735684,3
135,m957,Capomulin,Female,3,19,0,45.0,0
136,m957,Capomulin,Female,3,19,5,45.62238149,1
137,m957,Capomulin,Female,3,19,10,46.4145177,1
138,m957,Capomulin,Female,3,19,15,39.80445341,1
139,m957,Capomulin,Female,3,19,20,38.90934919,1
140,m957,Capomulin,Female,3,19,25,37.69543154,1
141,m957,Capomulin,Female,3,19,30,38.21247939,1
142,m957,Capomulin,Female,3,19,35,32.56283914,1
143,m957,Capomulin,Female,3,19,40,32.94761484,1
144,m957,Capomulin,Female,3,19,45,33.32909778,1
145,c758,Ramicane,Male,9,17,0,45.0,0
146,c758,Ramicane,Male,9,17,5,45.5786783,0
147,c758,Ramicane,Male,9,17,10,46.28799223,0
148,c758,Ramicane,Male,9,17,15,46.94094512,1
149,c758,Ramicane,Male,9,17,20,43.1263114,1
150,c758,Ramicane,Male,9,17,25,43.6022673,1
151,c758,Ramicane,Male,9,17,30,44.11827028,1
152,c758,Ramicane,Male,9,17,35,37.80238546,1
153,c758,Ramicane,Male,9,17,40,32.83318858,1
154,c758,Ramicane,Male,9,17,45,33.39765251,1
155,t565,Capomulin,Female,20,17,0,45.0,0
156,t565,Capomulin,Female,20,17,5,45.8956472,0
157,t565,Capomulin,Female,20,17,10,46.74900552,0
158,t565,Capomulin,Female,20,17,15,44.44094861,0
159,t565,Capomulin,Female,20,17,20,39.0702138,0
160,t565,Capomulin,Female,20,17,25,37.34220976,0
161,t565,Capomulin,Female,20,17,30,32.86891617,0
162,t565,Capomulin,Female,20,17,35,33.51567063,0
163,t565,Capomulin,Female,20,17,40,33.94934131,0
164,t565,Capomulin,Female,20,17,45,34.45529799,0
165,a644,Ramicane,Female,7,17,0,45.0,0
166,a644,Ramicane,Female,7,17,5,45.55015754,0
167,a644,Ramicane,Female,7,17,10,46.38071258,0
168,a644,Ramicane,Female,7,17,15,46.91089166,0
169,a644,Ramicane,Female,7,17,20,45.86506461,0
170,a644,Ramicane,Female,7,17,25,41.48122408,0
171,a644,Ramicane,Female,7,17,30,37.21112063,0
172,a644,Ramicane,Female,7,17,35,35.12863083,0
173,a644,Ramicane,Female,7,17,40,35.77945086,0
174,a644,Ramicane,Female,7,17,45,32.97852192,1
175,i177,Ramicane,Male,10,18,0,45.0,0
176,i177,Ramicane,Male,10,18,5,44.06539783,0
177,i177,Ramicane,Male,10,18,10,41.02092924,0
178,i177,Ramicane,Male,10,18,15,40.33093479,0
179,i177,Ramicane,Male,10,18,20,35.34536136,0
180,i177,Ramicane,Male,10,18,25,34.0821803,1
181,i177,Ramicane,Male,10,18,30,34.71147302,1
182,i177,Ramicane,Male,10,18,35,35.1521662,1
183,i177,Ramicane,Male,10,18,40,35.55793279,2
184,i177,Ramicane,Male,10,18,45,33.56240217,3
185,j989,Ramicane,Male,8,19,0,45.0,0
186,j989,Ramicane,Male,8,19,5,45.62071835,1
187,j989,Ramicane,Male,8,19,10,46.34383237,1
188,j989,Ramicane,Male,8,19,15,41.12835439,1
189,j989,Ramicane,Male,8,19,20,41.63534426,1
190,j989,Ramicane,Male,8,19,25,39.93411249,1
191,j989,Ramicane,Male,8,19,30,34.67178107,1
192,j989,Ramicane,Male,8,19,35,35.1155898,1
193,j989,Ramicane,Male,8,19,40,35.50119014,1
194,j989,Ramicane,Male,8,19,45,36.13485243,1
195,i738,Capomulin,Female,23,20,0,45.0,0
196,i738,Capomulin,Female,23,20,5,45.59568527,0
197,i738,Capomulin,Female,23,20,10,43.42101414,0
198,i738,Capomulin,Female,23,20,15,37.97877782,0
199,i738,Capomulin,Female,23,20,20,38.53113634,0
200,i738,Capomulin,Female,23,20,25,34.97343761,0
201,i738,Capomulin,Female,23,20,30,35.57877987,1
202,i738,Capomulin,Female,23,20,35,36.17595269,1
203,i738,Capomulin,Female,23,20,40,36.84389799,2
204,i738,Capomulin,Female,23,20,45,37.31184577,2
205,a520,Ramicane,Male,13,21,0,45.0,0
206,a520,Ramicane,Male,13,21,5,38.72370695,0
207,a520,Ramicane,Male,13,21,10,36.42938781,0
208,a520,Ramicane,Male,13,21,15,35.590254,0
209,a520,Ramicane,Male,13,21,20,35.94774514,0
210,a520,Ramicane,Male,13,21,25,36.55858129,1
211,a520,Ramicane,Male,13,21,30,36.94770981,1
212,a520,Ramicane,Male,13,21,35,37.62471026,1
213,a520,Ramicane,Male,13,21,40,38.25972497,1
214,a520,Ramicane,Male,13,21,45,38.81036633,1
215,w914,Capomulin,Male,24,21,0,45.0,0
216,w914,Capomulin,Male,24,21,5,45.89372032,0
217,w914,Capomulin,Male,24,21,10,43.23196275,0
218,w914,Capomulin,Male,24,21,15,43.68844893,0
219,w914,Capomulin,Male,24,21,20,41.10809233,0
220,w914,Capomulin,Male,24,21,25,40.29191661,0
221,w914,Capomulin,Male,24,21,30,40.99311013,0
222,w914,Capomulin,Male,24,21,35,41.66491577,1
223,w914,Capomulin,Male,24,21,40,35.61130861,2
224,w914,Capomulin,Male,24,21,45,36.04104736,2
225,r811,Ramicane,Male,9,19,0,45.0,0
226,r811,Ramicane,Male,9,19,5,45.62580225,0
227,r811,Ramicane,Male,9,19,10,39.453903,0
228,r811,Ramicane,Male,9,19,15,40.02229235,0
229,r811,Ramicane,Male,9,19,20,40.7728027,0
230,r811,Ramicane,Male,9,19,25,37.61401068,0
231,r811,Ramicane,Male,9,19,30,38.24206639,0
232,r811,Ramicane,Male,9,19,35,36.00302016,1
233,r811,Ramicane,Male,9,19,40,36.5200329,1
234,r811,Ramicane,Male,9,19,45,37.22565033,1
235,g288,Capomulin,Male,3,19,0,45.0,0
236,g288,Capomulin,Male,3,19,5,45.83939976,0
237,g288,Capomulin,Male,3,19,10,46.30400254,1
238,g288,Capomulin,Male,3,19,15,42.17230079,1
239,g288,Capomulin,Male,3,19,20,42.95712001,1
240,g288,Capomulin,Male,3,19,25,42.36869239,1
241,g288,Capomulin,Male,3,19,30,42.87446056,1
242,g288,Capomulin,Male,3,19,35,38.95411458,1
243,g288,Capomulin,Male,3,19,40,36.35685121,1
244,g288,Capomulin,Male,3,19,45,37.07402422,1
245,i334,Ramicane,Female,8,20,0,45.0,0
246,i334,Ramicane,Female,8,20,5,41.02051821,0
247,i334,Ramicane,Female,8,20,10,41.63124731,0
248,i334,Ramicane,Female,8,20,15,39.15800115,0
249,i334,Ramicane,Female,8,20,20,39.6878317,0
250,i334,Ramicane,Female,8,20,25,38.24881732,1
251,i334,Ramicane,Female,8,20,30,39.00555435,1
252,i334,Ramicane,Female,8,20,35,39.7695521,2
253,i334,Ramicane,Female,8,20,40,40.44237037,2
254,i334,Ramicane,Female,8,20,45,36.37451039,2
255,q610,Ramicane,Female,18,21,0,45.0,0
256,q610,Ramicane,Female,18,21,5,45.62949421,0
257,q610,Ramicane,Female,18,21,10,44.99148471,0
258,q610,Ramicane,Female,18,21,15,45.88902756,0
259,q610,Ramicane,Female,18,21,20,46.58543347,0
260,q610,Ramicane,Female,18,21,25,40.14645019,0
261,q610,Ramicane,Female,18,21,30,40.66834256,1
262,q610,Ramicane,Female,18,21,35,36.56165229,2
263,d251,Ramicane,Female,8,19,0,45.0,0
264,d251,Ramicane,Female,8,19,5,41.74635495,1
265,d251,Ramicane,Female,8,19,10,42.43225791,1
266,d251,Ramicane,Female,8,19,15,39.47278744,1
267,d251,Ramicane,Female,8,19,20,37.65209085,1
268,d251,Ramicane,Female,8,19,25,38.09751328,1
269,d251,Ramicane,Female,8,19,30,38.71825638,2
270,d251,Ramicane,Female,8,19,35,37.70852942,2
271,d251,Ramicane,Female,8,19,40,38.26540379,2
272,d251,Ramicane,Female,8,19,45,37.31123552,2
273,l897,Capomulin,Male,17,19,0,45.0,0
274,l897,Capomulin,Male,17,19,5,45.46224327,0
275,l897,Capomulin,Male,17,19,10,46.15473721,0
276,l897,Capomulin,Male,17,19,15,44.0615214,0
277,l897,Capomulin,Male,17,19,20,44.81309343,0
278,l897,Capomulin,Male,17,19,25,45.35467916,0
279,l897,Capomulin,Male,17,19,30,39.35279201,1
280,l897,Capomulin,Male,17,19,35,37.68276664,1
281,l897,Capomulin,Male,17,19,40,38.34390154,1
282,l897,Capomulin,Male,17,19,45,38.84687569,1
283,c458,Ramicane,Female,23,20,0,45.0,0
284,c458,Ramicane,Female,23,20,5,45.72227949,0
285,c458,Ramicane,Female,23,20,10,44.45437828,1
286,c458,Ramicane,Female,23,20,15,45.10742313,2
287,c458,Ramicane,Female,23,20,20,39.50513508,2
288,c458,Ramicane,Female,23,20,25,37.75314964,2
289,c458,Ramicane,Female,23,20,30,38.34200823,2
290,b742,Capomulin,Male,7,21,0,45.0,0
291,b742,Capomulin,Male,7,21,5,41.53409702,0
292,b742,Capomulin,Male,7,21,10,41.99922813,0
293,b742,Capomulin,Male,7,21,15,39.52484301,0
294,b742,Capomulin,Male,7,21,20,37.95035546,0
295,b742,Capomulin,Male,7,21,25,38.61768433,0
296,b742,Capomulin,Male,7,21,30,39.1679495,0
297,b742,Capomulin,Male,7,21,35,39.84757556,0
298,b742,Capomulin,Male,7,21,40,38.2556274,0
299,b742,Capomulin,Male,7,21,45,38.93963263,0
300,b128,Capomulin,Female,9,22,0,45.0,0
301,b128,Capomulin,Female,9,22,5,45.65133131,0
302,b128,Capomulin,Female,9,22,10,43.2708519,0
303,b128,Capomulin,Female,9,22,15,43.78489343,0
304,b128,Capomulin,Female,9,22,20,42.731552,0
305,b128,Capomulin,Female,9,22,25,43.26214483,1
306,b128,Capomulin,Female,9,22,30,40.60533486,1
307,b128,Capomulin,Female,9,22,35,37.96764437,1
308,b128,Capomulin,Female,9,22,40,38.3797259,2
309,b128,Capomulin,Female,9,22,45,38.98287774,2
310,j246,Capomulin,Female,21,21,0,45.0,0
311,j246,Capomulin,Female,21,21,5,45.64143788,0
312,j246,Capomulin,Female,21,21,10,46.4083613,0
313,j246,Capomulin,Female,21,21,15,43.31265415,0
314,j246,Capomulin,Female,21,21,20,44.02037009,0
315,j246,Capomulin,Female,21,21,25,44.55522595,0
316,j246,Capomulin,Female,21,21,30,38.04408202,1
317,j246,Capomulin,Female,21,21,35,38.75326548,1
318,a411,Ramicane,Male,3,22,0,45.0,0
319,a411,Ramicane,Male,3,22,5,45.46667714,0
320,a411,Ramicane,Male,3,22,10,40.75978762,1
321,a411,Ramicane,Male,3,22,15,41.48416885,1
322,a411,Ramicane,Male,3,22,20,38.08737318,1
323,a411,Ramicane,Male,3,22,25,38.7014384,1
324,a411,Ramicane,Male,3,22,30,39.13073724,1
325,a411,Ramicane,Male,3,22,35,39.71723589,1
326,a411,Ramicane,Male,3,22,40,40.25881765,1
327,a411,Ramicane,Male,3,22,45,38.4076183,1
328,j119,Capomulin,Female,7,23,0,45.0,0
329,j119,Capomulin,Female,7,23,5,45.83899787,0
330,j119,Capomulin,Female,7,23,10,46.42536551,0
331,j119,Capomulin,Female,7,23,15,47.32298428,0
332,j119,Capomulin,Female,7,23,20,48.15820939,1
333,j119,Capomulin,Female,7,23,25,42.41716589,1
334,j119,Capomulin,Female,7,23,30,43.01368114,1
335,j119,Capomulin,Female,7,23,35,43.76570537,1
336,j119,Capomulin,Female,7,23,40,44.5850896,1
337,j119,Capomulin,Female,7,23,45,38.1251644,1
338,w150,Capomulin,Male,23,23,0,45.0,0
339,w150,Capomulin,Male,23,23,5,39.20212894,0
340,w150,Capomulin,Male,23,23,10,39.95234669,0
341,v923,Capomulin,Female,19,21,0,45.0,0
342,v923,Capomulin,Female,19,21,5,45.70443431,0
343,v923,Capomulin,Female,19,21,10,39.84822328,0
344,v923,Capomulin,Female,19,21,15,40.45798877,0
345,v923,Capomulin,Female,19,21,20,39.64829568,0
346,v923,Capomulin,Female,19,21,25,40.15641269,1
347,v923,Capomulin,Female,19,21,30,40.75221626,2
348,v923,Capomulin,Female,19,21,35,41.43924156,2
349,v923,Capomulin,Female,19,21,40,42.1510148,2
350,v923,Capomulin,Female,19,21,45,40.65812366,2
351,g316,Capomulin,Female,22,22,0,45.0,0
352,g316,Capomulin,Female,22,22,5,44.02275246,0
353,g316,Capomulin,Female,22,22,10,44.50204246,0
354,g316,Capomulin,Female,22,22,15,45.21674299,0
355,g316,Capomulin,Female,22,22,20,45.93332219,1
356,g316,Capomulin,Female,22,22,25,46.80922469,1
357,g316,Capomulin,Female,22,22,30,44.22147988,2
358,g316,Capomulin,Female,22,22,35,44.70283296,2
359,g316,Capomulin,Female,22,22,40,45.56582103,2
360,g316,Capomulin,Female,22,22,45,40.1592203,2
361,s710,Capomulin,Female,1,23,0,45.0,0
362,s710,Capomulin,Female,1,23,5,43.1809774,0
363,s710,Capomulin,Female,1,23,10,43.68802627,0
364,s710,Capomulin,Female,1,23,15,41.84523536,0
365,s710,Capomulin,Female,1,23,20,42.62996266,1
366,s710,Capomulin,Female,1,23,25,43.06040875,1
367,s710,Capomulin,Female,1,23,30,43.57170323,1
368,s710,Capomulin,Female,1,23,35,44.16051879,1
369,s710,Capomulin,Female,1,23,40,40.17192011,1
370,s710,Capomulin,Female,1,23,45,40.72857787,1
371,l509,Capomulin,Male,17,21,0,45.0,0
372,l509,Capomulin,Male,17,21,5,45.85119285,0
373,l509,Capomulin,Male,17,21,10,46.75907363,0
374,l509,Capomulin,Male,17,21,15,47.48859931,1
375,l509,Capomulin,Male,17,21,20,48.07045162,2
376,l509,Capomulin,Male,17,21,25,44.00625702,2
377,l509,Capomulin,Male,17,21,30,44.70805473,2
378,l509,Capomulin,Male,17,21,35,40.2072885,2
379,l509,Capomulin,Male,17,21,40,40.77081259,2
380,l509,Capomulin,Male,17,21,45,41.48300765,3
381,r944,Capomulin,Male,12,25,0,45.0,0
382,r944,Capomulin,Male,12,25,5,45.73714484,0
383,r944,Capomulin,Male,12,25,10,46.54429202,0
384,r944,Capomulin,Male,12,25,15,47.37342325,0
385,r944,Capomulin,Male,12,25,20,43.22567119,1
386,r944,Capomulin,Male,12,25,25,41.08699106,1
387,r944,Capomulin,Male,12,25,30,41.68079111,1
388,r944,Capomulin,Male,12,25,35,40.40176542,2
389,r944,Capomulin,Male,12,25,40,41.0420449,2
390,r944,Capomulin,Male,12,25,45,41.58152074,2
391,e662,Ramicane,Male,8,24,0,45.0,0
392,e662,Ramicane,Male,8,24,5,45.81628252,0
393,e662,Ramicane,Male,8,24,10,46.40908385,0
394,e662,Ramicane,Male,8,24,15,43.55377339,0
395,e662,Ramicane,Male,8,24,20,44.0012958,0
396,e662,Ramicane,Male,8,24,25,44.66459432,1
397,e662,Ramicane,Male,8,24,30,45.35023242,1
398,e662,Ramicane,Male,8,24,35,43.22027636,1
399,e662,Ramicane,Male,8,24,40,44.00672385,2
400,e662,Ramicane,Male,8,24,45,40.65900627,2
401,u196,Ramicane,Male,18,25,0,45.0,0
402,u196,Ramicane,Male,18,25,5,45.55746444,1
403,u196,Ramicane,Male,18,25,10,46.42294306,1
404,u196,Ramicane,Male,18,25,15,47.22717065,1
405,u196,Ramicane,Male,18,25,20,46.10536303,1
406,u196,Ramicane,Male,18,25,25,46.7053254,1
407,u196,Ramicane,Male,18,25,30,47.62281636,2
408,u196,Ramicane,Male,18,25,35,47.00146542,2
409,u196,Ramicane,Male,18,25,40,43.45368679,2
410,u196,Ramicane,Male,18,25,45,40.66771292,3
411,q597,Ramicane,Male,20,25,0,45.0,0
412,q597,Ramicane,Male,20,25,5,45.76611104,0
413,q597,Ramicane,Male,20,25,10,42.53798598,0
414,q597,Ramicane,Male,20,25,15,41.39566036,0
415,q597,Ramicane,Male,20,25,20,41.9255866,0
416,q597,Ramicane,Male,20,25,25,42.57570709,1
417,q597,Ramicane,Male,20,25,30,43.33916123,1
418,q597,Ramicane,Male,20,25,35,43.80720142,1
419,q597,Ramicane,Male,20,25,40,44.47182121,2
420,q597,Ramicane,Male,20,25,45,45.22086888,2
421,a444,Ramicane,Female,10,25,0,45.0,0
422,a444,Ramicane,Female,10,25,5,44.00597487,0
423,a444,Ramicane,Female,10,25,10,44.51255951,0
424,a444,Ramicane,Female,10,25,15,43.00127957,0
425,a444,Ramicane,Female,10,25,20,41.71461874,0
426,a444,Ramicane,Female,10,25,25,42.29139437,0
427,a444,Ramicane,Female,10,25,30,42.78627835,0
428,a444,Ramicane,Female,10,25,35,41.73595083,0
429,a444,Ramicane,Female,10,25,40,42.50492554,0
430,a444,Ramicane,Female,10,25,45,43.0475426,0
431,i557,Capomulin,Female,1,24,0,45.0,0
432,i557,Capomulin,Female,1,24,5,42.2616653,0
433,i557,Capomulin,Female,1,24,10,42.99207658,0
434,i557,Capomulin,Female,1,24,15,43.5298757,0
435,i557,Capomulin,Female,1,24,20,43.96789516,0
436,i557,Capomulin,Female,1,24,25,44.59621854,0
437,i557,Capomulin,Female,1,24,30,45.26138381,0
438,i557,Capomulin,Female,1,24,35,45.94194901,0
439,i557,Capomulin,Female,1,24,40,46.82106972,1
440,i557,Capomulin,Female,1,24,45,47.68596303,1
441,r921,Ramicane,Female,5,25,0,45.0,0
442,r921,Ramicane,Female,5,25,5,45.56821083,0
443,r921,Ramicane,Female,5,25,10,42.71192694,0
444,r921,Ramicane,Female,5,25,15,43.52726054,0
445,r921,Ramicane,Female,5,25,20,44.13631588,0
446,r921,Ramicane,Female,5,25,25,42.65534089,1
447,r921,Ramicane,Female,5,25,30,43.41938077,1
448,w678,Ramicane,Female,5,24,0,45.0,0
449,w678,Ramicane,Female,5,24,5,43.16637266,0
450,y449,Ramicane,Male,19,24,0,45.0,0
451,y449,Ramicane,Male,19,24,5,45.87754494,0
452,y449,Ramicane,Male,19,24,10,46.37809248,0
453,y449,Ramicane,Male,19,24,15,44.18345092,0
454,a203,Infubinol,Female,20,23,0,45.0,0
455,a203,Infubinol,Female,20,23,5,48.5084684,0
456,a203,Infubinol,Female,20,23,10,51.8524372,1
457,a203,Infubinol,Female,20,23,15,52.7778705,1
458,a203,Infubinol,Female,20,23,20,55.17333648,1
459,a203,Infubinol,Female,20,23,25,56.79320832,1
460,a203,Infubinol,Female,20,23,30,59.52319728,1
461,a203,Infubinol,Female,20,23,35,61.93165007,2
462,a203,Infubinol,Female,20,23,40,63.59349002,2
463,a203,Infubinol,Female,20,23,45,67.97341878,2
464,a251,Infubinol,Female,21,25,0,45.0,0
465,a251,Infubinol,Female,21,25,5,46.98212719,0
466,a251,Infubinol,Female,21,25,10,48.59117901,1
467,a251,Infubinol,Female,21,25,15,50.53445603,1
468,a251,Infubinol,Female,21,25,20,54.46259376,1
469,a251,Infubinol,Female,21,25,25,57.4146457,1
470,a251,Infubinol,Female,21,25,30,59.86124129,1
471,a251,Infubinol,Female,21,25,35,60.90388455,1
472,a251,Infubinol,Female,21,25,40,63.09507565,1
473,a251,Infubinol,Female,21,25,45,65.52574285,1
474,a262,Placebo,Female,17,29,0,45.0,0
475,a262,Placebo,Female,17,29,5,48.71756819,1
476,a262,Placebo,Female,17,29,10,49.59518129,1
477,a262,Placebo,Female,17,29,15,53.82797367,2
478,a262,Placebo,Female,17,29,20,57.01331331,2
479,a262,Placebo,Female,17,29,25,60.13186217,2
480,a262,Placebo,Female,17,29,30,64.95809178,3
481,a262,Placebo,Female,17,29,35,66.56196302,4
482,a262,Placebo,Female,17,29,40,69.59273198,4
483,a262,Placebo,Female,17,29,45,70.71762058,4
484,a275,Ceftamin,Female,20,28,0,45.0,0
485,a275,Ceftamin,Female,20,28,5,46.79525728,0
486,a275,Ceftamin,Female,20,28,10,47.37134328,0
487,a275,Ceftamin,Female,20,28,15,49.73440359,0
488,a275,Ceftamin,Female,20,28,20,50.51343652,1
489,a275,Ceftamin,Female,20,28,25,53.57606417,1
490,a275,Ceftamin,Female,20,28,30,54.44471317,2
491,a275,Ceftamin,Female,20,28,35,56.35353804,2
492,a275,Ceftamin,Female,20,28,40,60.92153868,3
493,a275,Ceftamin,Female,20,28,45,62.99935619,3
494,a366,Stelasyn,Female,16,29,0,45.0,0
495,a366,Stelasyn,Female,16,29,5,48.95136773,0
496,a366,Stelasyn,Female,16,29,10,53.52399007,0
497,a366,Stelasyn,Female,16,29,15,55.26558163,0
498,a366,Stelasyn,Female,16,29,20,57.28598742,0
499,a366,Stelasyn,Female,16,29,25,59.01172817,0
500,a366,Stelasyn,Female,16,29,30,63.44068627,1
501,a401,Zoniferol,Female,8,25,0,45.0,0
502,a401,Zoniferol,Female,8,25,5,46.11198591,0
503,a401,Zoniferol,Female,8,25,10,47.7259374,1
504,a401,Zoniferol,Female,8,25,15,49.93472542,1
505,a401,Zoniferol,Female,8,25,20,52.20451136,2
506,a401,Zoniferol,Female,8,25,25,54.20983551,3
507,a401,Zoniferol,Female,8,25,30,55.91016159,3
508,a401,Zoniferol,Female,8,25,35,60.34714467,3
509,a401,Zoniferol,Female,8,25,40,61.76860538,4
510,a401,Zoniferol,Female,8,25,45,66.79415599,4
511,a457,Ketapril,Female,11,30,0,45.0,0
512,a457,Ketapril,Female,11,30,5,47.462891,0
513,a457,Ketapril,Female,11,30,10,49.78341894,0
514,a492,Stelasyn,Male,20,25,0,45.0,0
515,a492,Stelasyn,Male,20,25,5,46.40914339,0
516,a492,Stelasyn,Male,20,25,10,48.43219661,0
517,a492,Stelasyn,Male,20,25,15,51.9852629,0
518,a492,Stelasyn,Male,20,25,20,53.67719253,0
519,a492,Stelasyn,Male,20,25,25,54.70122868,1
520,a492,Stelasyn,Male,20,25,30,56.20104104,1
521,a492,Stelasyn,Male,20,25,35,57.30855379,1
522,a492,Stelasyn,Male,20,25,40,57.92849897,1
523,a492,Stelasyn,Male,20,25,45,60.12201052,1
524,a577,Infubinol,Female,6,25,0,45.0,0
525,a577,Infubinol,Female,6,25,5,46.1977199,1
526,a577,Infubinol,Female,6,25,10,49.5096389,1
527,a577,Infubinol,Female,6,25,15,50.91500662,2
528,a577,Infubinol,Female,6,25,20,52.36518457,2
529,a577,Infubinol,Female,6,25,25,54.38093154,2
530,a577,Infubinol,Female,6,25,30,57.03186187,2
531,a685,Infubinol,Male,8,30,0,45.0,0
532,a685,Infubinol,Male,8,30,5,46.87048256,0
533,a685,Infubinol,Male,8,30,10,47.66475264,0
534,a685,Infubinol,Male,8,30,15,48.95147442,0
535,a685,Infubinol,Male,8,30,20,49.49055902,0
536,a685,Infubinol,Male,8,30,25,51.93995092,0
537,a685,Infubinol,Male,8,30,30,55.45385519,1
538,a685,Infubinol,Male,8,30,35,58.09262925,1
539,a685,Infubinol,Male,8,30,40,60.56790371,2
540,a685,Infubinol,Male,8,30,45,66.08306589,3
541,a699,Propriva,Female,5,28,0,45.0,0
542,a699,Propriva,Female,5,28,5,46.55308986,0
543,a699,Propriva,Female,5,28,10,47.86737569,0
544,a699,Propriva,Female,5,28,15,49.53040137,0
545,a699,Propriva,Female,5,28,20,50.71242334,0
546,a699,Propriva,Female,5,28,25,51.84638147,0
547,a699,Propriva,Female,5,28,30,54.37934505,0
548,a699,Propriva,Female,5,28,35,56.51068234,1
549,a699,Propriva,Female,5,28,40,58.60544816,1
550,a699,Propriva,Female,5,28,45,62.19141437,1
551,a788,Zoniferol,Male,5,30,0,45.0,0
552,a788,Zoniferol,Male,5,30,5,47.00658024,0
553,a788,Zoniferol,Male,5,30,10,50.15972132,1
554,a788,Zoniferol,Male,5,30,15,52.53994926,1
555,a788,Zoniferol,Male,5,30,20,54.06098332,1
556,a788,Zoniferol,Male,5,30,25,56.7702803,1
557,a788,Zoniferol,Male,5,30,30,60.41370908,1
558,a818,Naftisol,Female,12,28,0,45.0,0
559,a818,Naftisol,Female,12,28,5,45.69670864,0
560,a818,Naftisol,Female,12,28,10,49.79091948,0
561,a818,Naftisol,Female,12,28,15,51.22756565,0
562,a818,Naftisol,Female,12,28,20,54.8346245,0
563,a818,Naftisol,Female,12,28,25,56.96627332,0
564,a818,Naftisol,Female,12,28,30,60.07237198,0
565,a818,Naftisol,Female,12,28,35,63.29854586,0
566,a818,Naftisol,Female,12,28,40,69.27381374,1
567,a818,Naftisol,Female,12,28,45,74.99776443,2
568,a897,Placebo,Male,7,28,0,45.0,0
569,a897,Placebo,Male,7,28,5,45.69112405,1
570,a897,Placebo,Male,7,28,10,47.97292708,1
571,a897,Placebo,Male,7,28,15,52.34308525,2
572,a897,Placebo,Male,7,28,20,54.59570541,3
573,a897,Placebo,Male,7,28,25,56.41331977,3
574,a897,Placebo,Male,7,28,30,59.91693443,3
575,a897,Placebo,Male,7,28,35,64.0528731,3
576,a897,Placebo,Male,7,28,40,67.21174279,4
577,a897,Placebo,Male,7,28,45,72.25596306,4
578,a963,Stelasyn,Female,23,27,0,45.0,0
579,a963,Stelasyn,Female,23,27,5,46.23350581,0
580,a963,Stelasyn,Female,23,27,10,47.15052201,0
581,a963,Stelasyn,Female,23,27,15,47.83685218,0
582,a963,Stelasyn,Female,23,27,20,51.46373448,0
583,a963,Stelasyn,Female,23,27,25,52.12980374,0
584,a963,Stelasyn,Female,23,27,30,53.40166738,1
585,a963,Stelasyn,Female,23,27,35,56.81397646,1
586,a963,Stelasyn,Female,23,27,40,58.46378685,1
587,a963,Stelasyn,Female,23,27,45,62.76509317,1
588,b313,Zoniferol,Male,12,27,0,45.0,0
589,b313,Zoniferol,Male,12,27,5,47.15443254,0
590,b313,Zoniferol,Male,12,27,10,48.31937218,1
591,b313,Zoniferol,Male,12,27,15,49.18838735,1
592,b313,Zoniferol,Male,12,27,20,53.9796797,1
593,b313,Zoniferol,Male,12,27,25,55.74514628,1
594,b447,Ceftamin,Male,2,30,0,45.0,0
595,b487,Ceftamin,Female,6,28,0,45.0,0
596,b487,Ceftamin,Female,6,28,5,46.21397739,0
597,b487,Ceftamin,Female,6,28,10,47.6643871,0
598,b487,Ceftamin,Female,6,28,15,51.68325586,0
599,b487,Ceftamin,Female,6,28,20,53.42766344,0
600,b487,Ceftamin,Female,6,28,25,56.05774909,1
601,b559,Naftisol,Male,20,26,0,45.0,0
602,b559,Naftisol,Male,20,26,5,47.40989731,0
603,b559,Naftisol,Male,20,26,10,48.03643202,0
604,b559,Naftisol,Male,20,26,15,51.37886229,0
605,b559,Naftisol,Male,20,26,20,55.65445572,1
606,b559,Naftisol,Male,20,26,25,57.04366929,1
607,b559,Naftisol,Male,20,26,30,61.19038663,1
608,b559,Naftisol,Male,20,26,35,65.70576275,1
609,b559,Naftisol,Male,20,26,40,69.96961645,1
610,b559,Naftisol,Male,20,26,45,73.05136339,1
611,b759,Ceftamin,Female,12,25,0,45.0,0
612,b759,Ceftamin,Female,12,25,5,48.00919049,0
613,b759,Ceftamin,Female,12,25,10,49.13335499,0
614,b759,Ceftamin,Female,12,25,15,51.58779906,0
615,b759,Ceftamin,Female,12,25,20,54.44303502,0
616,b759,Ceftamin,Female,12,25,25,55.08363235,0
617,b759,Ceftamin,Female,12,25,30,55.74282869,1
618,b879,Stelasyn,Female,4,26,0,45.0,0
619,b879,Stelasyn,Female,4,26,5,49.15615628,1
620,b879,Stelasyn,Female,4,26,10,50.33894583,1
621,b879,Stelasyn,Female,4,26,15,51.61838657,1
622,b879,Stelasyn,Female,4,26,20,53.98343568,1
623,b879,Stelasyn,Female,4,26,25,56.46998744,2
624,b879,Stelasyn,Female,4,26,30,60.90761481,2
625,b879,Stelasyn,Female,4,26,35,64.26088633,2
626,b879,Stelasyn,Female,4,26,40,67.18912666,2
627,b879,Stelasyn,Female,4,26,45,72.55523894,2
628,c139,Infubinol,Male,11,28,0,45.0,0
629,c139,Infubinol,Male,11,28,5,48.75311208,0
630,c139,Infubinol,Male,11,28,10,49.99295391,0
631,c139,Infubinol,Male,11,28,15,51.8332246,0
632,c139,Infubinol,Male,11,28,20,56.74200681,0
633,c139,Infubinol,Male,11,28,25,61.46196976,0
634,c139,Infubinol,Male,11,28,30,64.14987077,1
635,c139,Infubinol,Male,11,28,35,67.82141969,1
636,c139,Infubinol,Male,11,28,40,69.42814095,2
637,c139,Infubinol,Male,11,28,45,72.2267309,2
638,c264,Zoniferol,Female,11,27,0,45.0,0
639,c264,Zoniferol,Female,11,27,5,45.79170389,0
640,c264,Zoniferol,Female,11,27,10,49.02659196,0
641,c264,Zoniferol,Female,11,27,15,53.66494165,1
642,c264,Zoniferol,Female,11,27,20,54.5681957,1
643,c264,Zoniferol,Female,11,27,25,56.96676876,2
644,c264,Zoniferol,Female,11,27,30,57.82391556,2
645,c264,Zoniferol,Female,11,27,35,61.07479506,2
646,c264,Zoniferol,Female,11,27,40,65.70832272,2
647,c264,Zoniferol,Female,11,27,45,67.94212107,2
648,c282,Placebo,Male,12,27,0,45.0,0
649,c282,Placebo,Male,12,27,5,45.72568973,0
650,c282,Placebo,Male,12,27,10,48.17950638,0
651,c282,Placebo,Male,12,27,15,49.26607873,0
652,c282,Placebo,Male,12,27,20,51.95057423,0
653,c282,Placebo,Male,12,27,25,56.29220039,1
654,c282,Placebo,Male,12,27,30,59.00590207,1
655,c282,Placebo,Male,12,27,35,59.88765475,1
656,c282,Placebo,Male,12,27,40,65.02179944,2
657,c282,Placebo,Male,12,27,45,65.81516535,2
658,c302,Zoniferol,Female,10,29,0,45.0,0
659,c302,Zoniferol,Female,10,29,5,47.69067986,1
660,c302,Zoniferol,Female,10,29,10,48.53356704,1
661,c302,Zoniferol,Female,10,29,15,52.71663459,2
662,c302,Zoniferol,Female,10,29,20,54.08090836,3
663,c302,Zoniferol,Female,10,29,25,55.07622853,3
664,c302,Zoniferol,Female,10,29,30,57.41974389,3
665,c302,Zoniferol,Female,10,29,35,62.23657157,3
666,c302,Zoniferol,Female,10,29,40,63.28107148,4
667,c302,Zoniferol,Female,10,29,45,64.57522157,4
668,c326,Infubinol,Female,18,25,0,45.0,0
669,c326,Infubinol,Female,18,25,5,36.3213458,0
670,c402,Stelasyn,Female,1,27,0,45.0,0
671,c402,Stelasyn,Female,1,27,5,49.3426301,1
672,c402,Stelasyn,Female,1,27,10,50.56689412,1
673,c402,Stelasyn,Female,1,27,15,52.23071944,1
674,c402,Stelasyn,Female,1,27,20,54.88332044,2
675,c402,Stelasyn,Female,1,27,25,58.26988853,2
676,c402,Stelasyn,Female,1,27,30,63.74319428,2
677,c402,Stelasyn,Female,1,27,35,65.8079627,2
678,c402,Stelasyn,Female,1,27,40,70.22229679,2
679,c402,Stelasyn,Female,1,27,45,74.04039018,3
680,c559,Zoniferol,Female,19,28,0,45.0,0
681,c559,Zoniferol,Female,19,28,5,46.56263793,0
682,c559,Zoniferol,Female,19,28,10,47.29326012,0
683,c559,Zoniferol,Female,19,28,15,51.41490358,1
684,c559,Zoniferol,Female,19,28,20,52.60436695,2
685,c559,Zoniferol,Female,19,28,25,54.55544168,2
686,c559,Zoniferol,Female,19,28,30,57.14614388,2
687,c559,Zoniferol,Female,19,28,35,59.45504074,2
688,c559,Zoniferol,Female,19,28,40,60.86184431,3
689,c559,Zoniferol,Female,19,28,45,61.84005842,4
690,c580,Ketapril,Male,22,25,0,45.0,0
691,c580,Ketapril,Male,22,25,5,46.6284548,0
692,c580,Ketapril,Male,22,25,10,47.57017382,1
693,c580,Ketapril,Male,22,25,15,51.991708,1
694,c580,Ketapril,Male,22,25,20,55.57532195,2
695,c580,Ketapril,Male,22,25,25,56.28906231,2
696,c580,Ketapril,Male,22,25,30,58.04656941,3
697,c757,Placebo,Male,9,27,0,45.0,0
698,c757,Placebo,Male,9,27,5,47.78327981,0
699,c757,Placebo,Male,9,27,10,49.21931669,0
700,c757,Placebo,Male,9,27,15,51.532603,0
701,c757,Placebo,Male,9,27,20,52.81863401,1
702,c757,Placebo,Male,9,27,25,57.10641821,2
703,c757,Placebo,Male,9,27,30,60.09857184,2
704,c757,Placebo,Male,9,27,35,64.29116351,2
705,c757,Placebo,Male,9,27,40,66.60436771,2
706,c757,Placebo,Male,9,27,45,69.04284082,3
707,c766,Placebo,Female,13,26,0,45.0,0
708,c766,Placebo,Female,13,26,5,47.31305537,0
709,c766,Placebo,Female,13,26,10,49.50027098,1
710,c766,Placebo,Female,13,26,15,50.59663325,2
711,c766,Placebo,Female,13,26,20,53.00686463,3
712,c766,Placebo,Female,13,26,25,58.21462437,3
713,c766,Placebo,Female,13,26,30,60.2559245,3
714,c766,Placebo,Female,13,26,35,65.95236791,4
715,c766,Placebo,Female,13,26,40,67.68529456,4
716,c766,Placebo,Female,13,26,45,69.82314577,4
717,c819,Ketapril,Male,21,25,0,45.0,0
718,c819,Ketapril,Male,21,25,5,45.76924864,1
719,c819,Ketapril,Male,21,25,10,46.65839527,1
720,c819,Ketapril,Male,21,25,15,48.37099912,1
721,c819,Ketapril,Male,21,25,20,49.76241475,1
722,c819,Ketapril,Male,21,25,25,51.82835706,1
723,c819,Ketapril,Male,21,25,30,56.0989982,1
724,c819,Ketapril,Male,21,25,35,57.72953466,1
725,c819,Ketapril,Male,21,25,40,62.17570465,1
726,c832,Ketapril,Male,18,29,0,45.0,0
727,c832,Ketapril,Male,18,29,5,48.68546123,1
728,c832,Ketapril,Male,18,29,10,49.81141262,1
729,c832,Ketapril,Male,18,29,15,52.86453449,1
730,c832,Ketapril,Male,18,29,20,56.71023353,1
731,c832,Ketapril,Male,18,29,25,58.89181644,2
732,c832,Ketapril,Male,18,29,30,60.49637579,2
733,c832,Ketapril,Male,18,29,35,61.12448717,2
734,c832,Ketapril,Male,18,29,40,62.57231816,2
735,c832,Ketapril,Male,18,29,45,65.41595451,3
736,c895,Infubinol,Female,7,29,0,45.0,0
737,c895,Infubinol,Female,7,29,5,45.47754399,0
738,c895,Infubinol,Female,7,29,10,49.77901542,0
739,c895,Infubinol,Female,7,29,15,52.94946474,1
740,c895,Infubinol,Female,7,29,20,53.6768396,2
741,c895,Infubinol,Female,7,29,25,57.53419288,2
742,c895,Infubinol,Female,7,29,30,60.96971133,2
743,c927,Propriva,Female,4,26,0,45.0,0
744,c927,Propriva,Female,4,26,5,46.35184205,0
745,c927,Propriva,Female,4,26,10,50.96529767,1
746,c927,Propriva,Female,4,26,15,53.26643087,1
747,c927,Propriva,Female,4,26,20,55.48168922,1
748,c927,Propriva,Female,4,26,25,56.54551947,2
749,c927,Propriva,Female,4,26,30,60.7539246,2
750,c927,Propriva,Female,4,26,35,61.87227365,3
751,c927,Propriva,Female,4,26,40,64.18322918,4
752,d133,Zoniferol,Male,5,30,0,45.0,0
753,d164,Zoniferol,Male,21,28,0,45.0,0
754,d164,Zoniferol,Male,21,28,5,46.61767061,0
755,d164,Zoniferol,Male,21,28,10,47.47464468,1
756,d474,Ketapril,Male,18,27,0,45.0,0
757,d474,Ketapril,Male,18,27,5,45.91835225,0
758,d474,Ketapril,Male,18,27,10,46.97496297,0
759,d474,Ketapril,Male,18,27,15,47.77793584,0
760,d474,Ketapril,Male,18,27,20,51.73149416,0
761,d474,Ketapril,Male,18,27,25,54.27932462,0
762,d474,Ketapril,Male,18,27,30,55.34134157,0
763,d474,Ketapril,Male,18,27,35,56.47911257,0
764,d474,Ketapril,Male,18,27,40,60.23373278,1
765,e213,Naftisol,Male,8,27,0,45.0,0
766,e213,Naftisol,Male,8,27,5,45.69925018,1
767,e213,Naftisol,Male,8,27,10,47.3915712,2
768,e213,Naftisol,Male,8,27,15,51.7916953,2
769,e213,Naftisol,Male,8,27,20,52.61376289,2
770,e213,Naftisol,Male,8,27,25,55.22447615,2
771,e213,Naftisol,Male,8,27,30,56.45872864,3
772,e213,Naftisol,Male,8,27,35,58.24585435,3
773,e213,Naftisol,Male,8,27,40,60.23654797,3
774,e213,Naftisol,Male,8,27,45,63.1056963,4
775,e227,Placebo,Male,1,30,0,45.0,0
776,e227,Placebo,Male,1,30,5,47.23801112,0
777,e227,Placebo,Male,1,30,10,51.34975705,1
778,e227,Placebo,Male,1,30,15,52.83394196,1
779,e227,Placebo,Male,1,30,20,56.6075521,1
780,e227,Placebo,Male,1,30,25,60.60029169,1
781,e227,Placebo,Male,1,30,30,62.46438515,2
782,e227,Placebo,Male,1,30,35,66.94912136,3
783,e227,Placebo,Male,1,30,40,70.7152176,3
784,e227,Placebo,Male,1,30,45,73.21293851,3
785,e291,Naftisol,Female,14,29,0,45.0,0
786,e291,Naftisol,Female,14,29,5,46.14250486,0
787,e291,Naftisol,Female,14,29,10,48.52974125,1
788,e291,Naftisol,Female,14,29,15,49.3484262,1
789,e291,Naftisol,Female,14,29,20,52.53376479,1
790,e291,Naftisol,Female,14,29,25,55.1389525,2
791,e476,Infubinol,Male,23,26,0,45.0,0
792,e476,Infubinol,Male,23,26,5,47.11180113,0
793,e476,Infubinol,Male,23,26,10,49.43168536,0
794,e476,Infubinol,Male,23,26,15,54.04621267,0
795,e476,Infubinol,Male,23,26,20,55.24927296,0
796,e476,Infubinol,Male,23,26,25,57.408638,0
797,e476,Infubinol,Male,23,26,30,57.99279743,1
798,e476,Infubinol,Male,23,26,35,60.0643402,1
799,e476,Infubinol,Male,23,26,40,61.52527583,1
800,e476,Infubinol,Male,23,26,45,62.43540402,1
801,e584,Naftisol,Male,9,27,0,45.0,0
802,e584,Naftisol,Male,9,27,5,45.6569785,0
803,e584,Naftisol,Male,9,27,10,47.25064148,0
804,e584,Naftisol,Male,9,27,15,48.43041053,1
805,e584,Naftisol,Male,9,27,20,50.34492095,2
806,e584,Naftisol,Male,9,27,25,51.38641908,2
807,e584,Naftisol,Male,9,27,30,54.98440767,3
808,e584,Naftisol,Male,9,27,35,58.08655989,3
809,e584,Naftisol,Male,9,27,40,62.81687083,4
810,e584,Naftisol,Male,9,27,45,68.3597767,4
811,f129,Zoniferol,Female,11,29,0,45.0,0
812,f129,Zoniferol,Female,11,29,5,47.00059399,0
813,f129,Zoniferol,Female,11,29,10,48.17971908,1
814,f129,Zoniferol,Female,11,29,15,49.98830246,1
815,f234,Stelasyn,Male,14,28,0,45.0,0
816,f234,Stelasyn,Male,14,28,5,47.31349062,0
817,f234,Stelasyn,Male,14,28,10,47.90432375,0
818,f234,Stelasyn,Male,14,28,15,48.73519714,1
819,f234,Stelasyn,Male,14,28,20,51.11271293,2
820,f234,Stelasyn,Male,14,28,25,52.17860221,2
821,f234,Stelasyn,Male,14,28,30,56.87381654,2
822,f234,Stelasyn,Male,14,28,35,57.74875831,2
823,f278,Ketapril,Male,12,30,0,45.0,0
824,f278,Ketapril,Male,12,30,5,48.19457788,0
825,f345,Infubinol,Male,23,26,0,45.0,0
826,f345,Infubinol,Male,23,26,5,45.5911466,0
827,f345,Infubinol,Male,23,26,10,47.22244619,0
828,f345,Infubinol,Male,23,26,15,48.35223854,0
829,f345,Infubinol,Male,23,26,20,49.61338303,0
830,f345,Infubinol,Male,23,26,25,53.0788944,0
831,f345,Infubinol,Male,23,26,30,54.36379731,1
832,f345,Infubinol,Male,23,26,35,56.52332726,1
833,f345,Infubinol,Male,23,26,40,58.3155925,1
834,f345,Infubinol,Male,23,26,45,60.91876652,1
835,f394,Zoniferol,Male,19,30,0,45.0,0
836,f394,Zoniferol,Male,19,30,5,47.03309963,0
837,f436,Ceftamin,Female,3,25,0,45.0,0
838,f436,Ceftamin,Female,3,25,5,46.37079759,1
839,f436,Ceftamin,Female,3,25,10,48.14697758,2
840,f436,Ceftamin,Female,3,25,15,48.72207785,2
841,f545,Zoniferol,Female,20,26,0,45.0,0
842,f545,Zoniferol,Female,20,26,5,46.56581263,0
843,f545,Zoniferol,Female,20,26,10,51.07251225,0
844,f545,Zoniferol,Female,20,26,15,53.94554429,1
845,f545,Zoniferol,Female,20,26,20,58.84118888,1
846,f545,Zoniferol,Female,20,26,25,60.25348139,1
847,f545,Zoniferol,Female,20,26,30,65.89398607,1
848,f545,Zoniferol,Female,20,26,35,66.74292417,1
849,f545,Zoniferol,Female,20,26,40,71.10811835,1
850,f545,Zoniferol,Female,20,26,45,73.32443228,1
851,f932,Ketapril,Male,15,29,0,45.0,0
852,f993,Naftisol,Male,21,28,0,45.0,0
853,f993,Naftisol,Male,21,28,5,46.39575966,0
854,f993,Naftisol,Male,21,28,10,48.18537323,0
855,f993,Naftisol,Male,21,28,15,49.10697473,1
856,f993,Naftisol,Male,21,28,20,52.07951009,1
857,g107,Ketapril,Female,2,29,0,45.0,0
858,g107,Ketapril,Female,2,29,5,48.79166496,0
859,g107,Ketapril,Female,2,29,10,53.43598668,0
860,g107,Ketapril,Female,2,29,15,58.13554485,0
861,g107,Ketapril,Female,2,29,20,62.70603145,0
862,g107,Ketapril,Female,2,29,25,64.66362579,0
863,g107,Ketapril,Female,2,29,30,69.16051982,0
864,g107,Ketapril,Female,2,29,35,71.90511721,0
865,g296,Zoniferol,Female,14,29,0,45.0,0
866,g296,Zoniferol,Female,14,29,5,46.59323337,0
867,g296,Zoniferol,Female,14,29,10,48.26950861,0
868,g296,Zoniferol,Female,14,29,15,49.65324404,1
869,g296,Zoniferol,Female,14,29,20,51.4471183,2
870,g296,Zoniferol,Female,14,29,25,55.6701066,3
871,g296,Zoniferol,Female,14,29,30,57.99770642,3
872,g296,Zoniferol,Female,14,29,35,60.38451978,4
873,g296,Zoniferol,Female,14,29,40,62.22191493,4
874,g296,Zoniferol,Female,14,29,45,68.16319517,4
875,g497,Ketapril,Male,19,28,0,45.0,0
876,g497,Ketapril,Male,19,28,5,48.78206878,0
877,g497,Ketapril,Male,19,28,10,49.6470865,0
878,g497,Ketapril,Male,19,28,15,53.64616804,1
879,g497,Ketapril,Male,19,28,20,55.09699356,1
880,g497,Ketapril,Male,19,28,25,57.52444611,2
881,g497,Ketapril,Male,19,28,30,61.108186,2
882,g497,Ketapril,Male,19,28,35,64.0948893,2
883,g497,Ketapril,Male,19,28,40,67.74281406,2
884,g497,Ketapril,Male,19,28,45,69.87225079,2
885,g558,Propriva,Male,8,29,0,45.0,0
886,g558,Propriva,Male,8,29,5,46.18874193,0
887,g558,Propriva,Male,8,29,10,50.09475382,0
888,g558,Propriva,Male,8,29,15,51.007258,0
889,g558,Propriva,Male,8,29,20,55.09009691,1
890,g558,Propriva,Male,8,29,25,55.75408257,2
891,g558,Propriva,Male,8,29,30,58.95282911,3
892,g558,Propriva,Male,8,29,35,60.86215883,4
893,g558,Propriva,Male,8,29,40,61.77496268,4
894,g570,Propriva,Male,16,29,0,45.0,0
895,g570,Propriva,Male,16,29,5,47.65642436,1
896,g570,Propriva,Male,16,29,10,49.18823167,1
897,g570,Propriva,Male,16,29,15,52.6826954,1
898,g570,Propriva,Male,16,29,20,54.64329541,1
899,g570,Propriva,Male,16,29,25,56.8494056,1
900,g570,Propriva,Male,16,29,30,60.32871705,1
901,g570,Propriva,Male,16,29,35,62.3304204,2
902,g570,Propriva,Male,16,29,40,68.52585616,2
903,g570,Propriva,Male,16,29,45,70.49278763,2
904,g867,Stelasyn,Female,9,25,0,45.0,0
905,g867,Stelasyn,Female,9,25,5,46.88074916,0
906,g867,Stelasyn,Female,9,25,10,48.18340167,0
907,g867,Stelasyn,Female,9,25,15,51.06041924,1
918,g989,Propriva,Female,21,26,25,56.04556353,1
919,g989,Propriva,Female,21,26,30,59.08229394,1
920,g989,Propriva,Female,21,26,35,62.57087961,2
921,h246,Ketapril,Male,13,30,0,45.0,0
922,h246,Ketapril,Male,13,30,5,49.47041702,0
923,h246,Ketapril,Male,13,30,10,51.36886216,1
924,h246,Ketapril,Male,13,30,15,56.18432701,1
925,h246,Ketapril,Male,13,30,20,57.93591218,1
926,h246,Ketapril,Male,13,30,25,59.5488537,1
927,h246,Ketapril,Male,13,30,30,63.59960954,1
928,h246,Ketapril,Male,13,30,35,67.2112701,2
929,h246,Ketapril,Male,13,30,40,71.15083468,2
930,h246,Ketapril,Male,13,30,45,74.10408567,2
931,h333,Stelasyn,Male,21,27,0,45.0,0
932,h333,Stelasyn,Male,21,27,5,45.75172728,0
933,h333,Stelasyn,Male,21,27,10,46.23384414,1
934,h333,Stelasyn,Male,21,27,15,50.69260358,2
935,h333,Stelasyn,Male,21,27,20,51.99780618,2
936,h333,Stelasyn,Male,21,27,25,53.73091434,2
937,h333,Stelasyn,Male,21,27,30,55.45528975,2
938,h428,Ketapril,Female,1,27,0,45.0,0
939,h531,Ceftamin,Male,5,27,0,45.0,0
940,h531,Ceftamin,Male,5,27,5,47.7846818,0
941,i386,Infubinol,Female,23,29,0,45.0,0
942,i386,Infubinol,Female,23,29,5,46.85369669,1
943,i386,Infubinol,Female,23,29,10,49.86154739,2
944,i386,Infubinol,Female,23,29,15,51.73656088,2
945,i386,Infubinol,Female,23,29,20,55.08772445,2
946,i386,Infubinol,Female,23,29,25,56.68786392,3
947,i386,Infubinol,Female,23,29,30,59.13364029,3
948,i386,Infubinol,Female,23,29,35,64.92542037,3
949,i386,Infubinol,Female,23,29,40,67.28962147,4
950,i477,Placebo,Female,3,30,0,45.0,0
951,i477,Placebo,Female,3,30,5,46.65738471,0
952,i477,Placebo,Female,3,30,10,47.52063206,0
953,i635,Propriva,Male,21,26,0,45.0,0
954,i635,Propriva,Male,21,26,5,47.23593715,0
955,i635,Propriva,Male,21,26,10,48.68575605,1
956,i635,Propriva,Male,21,26,15,49.53689775,1
957,i635,Propriva,Male,21,26,20,51.87706189,1
958,i635,Propriva,Male,21,26,25,52.92882323,1
959,i635,Propriva,Male,21,26,30,53.5970382,2
960,i635,Propriva,Male,21,26,35,55.67999656,2
961,i635,Propriva,Male,21,26,40,56.84243514,3
962,i635,Propriva,Male,21,26,45,58.63340414,3
963,i669,Placebo,Female,18,27,0,45.0,0
964,i669,Placebo,Female,18,27,5,46.76466824,1
965,i669,Placebo,Female,18,27,10,48.2816334,1
966,i669,Placebo,Female,18,27,15,48.8576007,1
967,i669,Placebo,Female,18,27,20,50.87369027,1
968,i669,Placebo,Female,18,27,25,53.30318455,2
969,i901,Stelasyn,Male,23,29,0,45.0,0
970,i901,Stelasyn,Male,23,29,5,46.49302392,0
971,i901,Stelasyn,Male,23,29,10,50.42124982,0
972,i901,Stelasyn,Male,23,29,15,51.41964239,0
973,i901,Stelasyn,Male,23,29,20,55.97440502,0
974,i901,Stelasyn,Male,23,29,25,56.575195,0
975,i901,Stelasyn,Male,23,29,30,60.59185755,0
976,i901,Stelasyn,Male,23,29,35,62.12733561,0
977,i901,Stelasyn,Male,23,29,40,64.30345451,0
978,i901,Stelasyn,Male,23,29,45,65.34181087,0
979,j235,Placebo,Male,6,30,0,45.0,0
980,j235,Placebo,Male,6,30,5,46.58881978,0
981,j235,Placebo,Male,6,30,10,48.01878792,1
982,j235,Placebo,Male,6,30,15,51.16113815,1
983,j235,Placebo,Male,6,30,20,52.94290169,1
984,j296,Ceftamin,Female,24,30,0,45.0,0
985,j296,Ceftamin,Female,24,30,5,46.79925591,1
986,j296,Ceftamin,Female,24,30,10,48.52997762,2
987,j296,Ceftamin,Female,24,30,15,50.70127959,2
988,j296,Ceftamin,Female,24,30,20,54.00534209,3
989,j296,Ceftamin,Female,24,30,25,55.76714817,3
990,j296,Ceftamin,Female,24,30,30,56.80306121,3
991,j296,Ceftamin,Female,24,30,35,58.71448296,3
992,j296,Ceftamin,Female,24,30,40,60.07268848,3
993,j296,Ceftamin,Female,24,30,45,61.84902336,3
994,j365,Zoniferol,Male,24,28,0,45.0,0
995,j365,Zoniferol,Male,24,28,5,46.7112611,0
996,j365,Zoniferol,Male,24,28,10,48.34932028,0
997,j365,Zoniferol,Male,24,28,15,49.58826336,0
998,j365,Zoniferol,Male,24,28,20,50.93935278,1
999,j365,Zoniferol,Male,24,28,25,51.8103204,1
1000,j365,Zoniferol,Male,24,28,30,54.40488176,1
1001,j365,Zoniferol,Male,24,28,35,56.96120016,2
1002,j365,Zoniferol,Male,24,28,40,62.32717066,2
1003,j365,Zoniferol,Male,24,28,45,64.29408493,2
1004,j755,Naftisol,Male,23,27,0,45.0,0
1005,j755,Naftisol,Male,23,27,5,47.24284357,0
1006,j755,Naftisol,Male,23,27,10,48.16706083,0
1007,j755,Naftisol,Male,23,27,15,51.45397391,0
1008,j755,Naftisol,Male,23,27,20,55.49660753,1
1009,j755,Naftisol,Male,23,27,25,58.05581822,1
1010,j755,Naftisol,Male,23,27,30,60.00720978,1
1011,j755,Naftisol,Male,23,27,35,62.7328576,1
1012,j755,Naftisol,Male,23,27,40,67.2077103,1
1013,j755,Naftisol,Male,23,27,45,69.56362076,1
1014,j984,Stelasyn,Female,2,30,0,45.0,0
1015,j984,Stelasyn,Female,2,30,5,48.41072109,1
1016,j984,Stelasyn,Female,2,30,10,50.14108401,1
1017,j984,Stelasyn,Female,2,30,15,51.16675687,1
1018,j984,Stelasyn,Female,2,30,20,54.37251567,1
1019,j984,Stelasyn,Female,2,30,25,57.06435479,1
1020,j984,Stelasyn,Female,2,30,30,61.24050573,1
1021,j984,Stelasyn,Female,2,30,35,64.05539896,1
1022,j984,Stelasyn,Female,2,30,40,67.77708036,1
1023,j984,Stelasyn,Female,2,30,45,70.65383162,1
1024,k210,Ceftamin,Male,15,28,0,45.0,0
1025,k210,Ceftamin,Male,15,28,5,47.91899771,0
1026,k210,Ceftamin,Male,15,28,10,49.37993231,0
1027,k210,Ceftamin,Male,15,28,15,51.07355752,0
1028,k210,Ceftamin,Male,15,28,20,51.99761855,0
1029,k210,Ceftamin,Male,15,28,25,54.61397279,0
1030,k210,Ceftamin,Male,15,28,30,59.98950976,1
1031,k210,Ceftamin,Male,15,28,35,63.32933023,1
1032,k210,Ceftamin,Male,15,28,40,66.62283628,2
1033,k210,Ceftamin,Male,15,28,45,68.92318457,3
1034,k382,Ketapril,Male,22,29,0,45.0,0
1035,k382,Ketapril,Male,22,29,5,46.27499735,1
1036,k382,Ketapril,Male,22,29,10,50.18096763,1
1037,k382,Ketapril,Male,22,29,15,54.42916821,1
1038,k382,Ketapril,Male,22,29,20,57.82435071,2
1039,k382,Ketapril,Male,22,29,25,59.50390392,3
1040,k382,Ketapril,Male,22,29,30,63.46944155,4
1041,k382,Ketapril,Male,22,29,35,66.07918483,4
1042,k382,Ketapril,Male,22,29,40,67.42095521,4
1043,k382,Ketapril,Male,22,29,45,73.715619,4
1044,k483,Infubinol,Female,20,30,0,45.0,0
1045,k483,Infubinol,Female,20,30,5,46.61105571,0
1046,k483,Infubinol,Female,20,30,10,50.29604123,1
1047,k483,Infubinol,Female,20,30,15,53.24445813,1
1048,k483,Infubinol,Female,20,30,20,54.77896052,1
1049,k483,Infubinol,Female,20,30,25,57.43200731,2
1050,k483,Infubinol,Female,20,30,30,59.74707708,2
1051,k483,Infubinol,Female,20,30,35,60.54156159,2
1052,k483,Infubinol,Female,20,30,40,64.13872489,3
1053,k483,Infubinol,Female,20,30,45,66.19691151,3
1054,k510,Stelasyn,Female,8,27,0,45.0,0
1055,k510,Stelasyn,Female,8,27,5,46.6084671,0
1056,k510,Stelasyn,Female,8,27,10,47.6582498,1
1057,k510,Stelasyn,Female,8,27,15,49.6870517,1
1058,k510,Stelasyn,Female,8,27,20,52.10557382,1
1059,k603,Propriva,Male,2,27,0,45.0,0
1060,k603,Propriva,Male,2,27,5,46.04211582,0
1061,k603,Propriva,Male,2,27,10,46.60694676,0
1062,k603,Propriva,Male,2,27,15,48.7752855,0
1063,k603,Propriva,Male,2,27,20,50.18010935,0
1064,k754,Zoniferol,Female,8,26,0,45.0,0
1065,k754,Zoniferol,Female,8,26,5,45.7277604,0
1066,k754,Zoniferol,Female,8,26,10,49.74611666,0
1067,k754,Zoniferol,Female,8,26,15,51.32356994,0
1068,k754,Zoniferol,Female,8,26,20,52.69342276,1
1069,k804,Infubinol,Female,23,29,0,45.0,0
1070,k804,Infubinol,Female,23,29,5,48.26620364,0
1071,k804,Infubinol,Female,23,29,10,49.47124419,0
1072,k804,Infubinol,Female,23,29,15,50.47761824,0
1073,k804,Infubinol,Female,23,29,20,54.48451945,0
1074,k804,Infubinol,Female,23,29,25,55.67480798,1
1075,k804,Infubinol,Female,23,29,30,59.24061511,2
1076,k804,Infubinol,Female,23,29,35,62.11727887,2
1077,k862,Stelasyn,Female,13,25,0,45.0,0
1078,k862,Stelasyn,Female,13,25,5,49.20305786,0
1079,k862,Stelasyn,Female,13,25,10,50.52355007,1
1080,k862,Stelasyn,Female,13,25,15,54.47453362,1
1081,k862,Stelasyn,Female,13,25,20,57.05784818,1
1082,k862,Stelasyn,Female,13,25,25,58.7192973,2
1083,k862,Stelasyn,Female,13,25,30,60.60543979,3
1084,k862,Stelasyn,Female,13,25,35,66.58072244,3
1085,k862,Stelasyn,Female,13,25,40,67.57134128,4
1086,k862,Stelasyn,Female,13,25,45,69.29914907,4
1087,k894,Zoniferol,Female,13,29,0,45.0,0
1088,k894,Zoniferol,Female,13,29,5,47.64568674,0
1089,k894,Zoniferol,Female,13,29,10,49.27287011,1
1090,k894,Zoniferol,Female,13,29,15,49.9877657,1
1091,k894,Zoniferol,Female,13,29,20,50.98163936,1
1092,k894,Zoniferol,Female,13,29,25,52.32583833,2
1093,k894,Zoniferol,Female,13,29,30,54.40012279,3
1094,k894,Zoniferol,Female,13,29,35,55.36266238,4
1095,k894,Zoniferol,Female,13,29,40,58.64705616,4
1096,k894,Zoniferol,Female,13,29,45,60.75270417,4
1097,l215,Propriva,Male,10,29,0,45.0,0
1098,l215,Propriva,Male,10,29,5,49.48194935,1
1099,l215,Propriva,Male,10,29,10,53.6539696,1
1100,l264,Ketapril,Female,15,30,0,45.0,0
1101,l264,Ketapril,Female,15,30,5,46.66876646,0
1102,l264,Ketapril,Female,15,30,10,50.65958094,0
1103,l471,Ceftamin,Female,7,28,0,45.0,0
1104,l471,Ceftamin,Female,7,28,5,46.25187204,0
1105,l471,Ceftamin,Female,7,28,10,48.18206306,0
1106,l471,Ceftamin,Female,7,28,15,49.40687901,0
1107,l471,Ceftamin,Female,7,28,20,52.22832698,0
1108,l471,Ceftamin,Female,7,28,25,52.84755893,1
1109,l471,Ceftamin,Female,7,28,30,58.09360446,1
1110,l471,Ceftamin,Female,7,28,35,61.40599916,1
1111,l471,Ceftamin,Female,7,28,40,63.84485785,1
1112,l471,Ceftamin,Female,7,28,45,67.74866174,1
1113,l490,Ceftamin,Male,24,26,0,45.0,0
1114,l490,Ceftamin,Male,24,26,5,45.61253918,1
1115,l490,Ceftamin,Male,24,26,10,47.25960594,1
1116,l490,Ceftamin,Male,24,26,15,50.52481268,1
1117,l490,Ceftamin,Male,24,26,20,51.90544699,1
1118,l490,Ceftamin,Male,24,26,25,55.81003359,2
1119,l490,Ceftamin,Male,24,26,30,57.91838132,3
1120,l558,Ceftamin,Female,13,30,0,45.0,0
1121,l558,Ceftamin,Female,13,30,5,45.80908882,0
1122,l558,Ceftamin,Female,13,30,10,46.78453491,0
1123,l661,Ceftamin,Male,18,26,0,45.0,0
1124,l661,Ceftamin,Male,18,26,5,46.26879904,0
1125,l661,Ceftamin,Male,18,26,10,49.68361956,0
1126,l661,Ceftamin,Male,18,26,15,50.94754484,1
1127,l661,Ceftamin,Male,18,26,20,52.61749003,1
1128,l661,Ceftamin,Male,18,26,25,53.18065678,2
1129,l661,Ceftamin,Male,18,26,30,55.32909936,2
1130,l661,Ceftamin,Male,18,26,35,56.47412871,2
1131,l661,Ceftamin,Male,18,26,40,59.20566876,3
1132,l661,Ceftamin,Male,18,26,45,59.85195552,3
1133,l700,Naftisol,Female,18,27,0,45.0,0
1134,l700,Naftisol,Female,18,27,5,45.91837165,0
1135,l700,Naftisol,Female,18,27,10,47.01356652,1
1136,l700,Naftisol,Female,18,27,15,49.04022529,1
1137,l700,Naftisol,Female,18,27,20,50.73476811,1
1138,l700,Naftisol,Female,18,27,25,54.23450181,1
1139,l700,Naftisol,Female,18,27,30,56.653215,1
1140,l700,Naftisol,Female,18,27,35,61.46260354,1
1141,l700,Naftisol,Female,18,27,40,62.98667798,1
1142,l700,Naftisol,Female,18,27,45,63.94664044,1
1143,l725,Naftisol,Female,8,26,0,45.0,0
1144,l725,Naftisol,Female,8,26,5,48.73631881,1
1145,l725,Naftisol,Female,8,26,10,50.82391154,2
1146,l725,Naftisol,Female,8,26,15,54.24456268,2
1147,l725,Naftisol,Female,8,26,20,59.6151548,2
1148,l725,Naftisol,Female,8,26,25,65.00882889,2
1149,l725,Naftisol,Female,8,26,30,66.59954515,3
1150,l725,Naftisol,Female,8,26,35,69.12570173,3
1151,l725,Naftisol,Female,8,26,40,73.69349382,3
1152,l725,Naftisol,Female,8,26,45,76.66881742,3
1153,l733,Ceftamin,Female,4,30,0,45.0,0
1154,l733,Ceftamin,Female,4,30,5,46.17422627,0
1155,l733,Ceftamin,Female,4,30,10,48.35495154,0
1156,l733,Ceftamin,Female,4,30,15,49.28519504,0
1157,l733,Ceftamin,Female,4,30,20,53.24431157,1
1158,l733,Ceftamin,Female,4,30,25,54.95166826,1
1159,l733,Ceftamin,Female,4,30,30,56.31906537,1
1160,l733,Ceftamin,Female,4,30,35,57.60079774,1
1161,l733,Ceftamin,Female,4,30,40,59.4435065,1
1162,l733,Ceftamin,Female,4,30,45,64.29983003,1
1163,l872,Placebo,Male,19,30,0,45.0,0
1164,m133,Naftisol,Female,2,26,0,45.0,0
1165,m133,Naftisol,Female,2,26,5,46.62130127,0
1166,m133,Naftisol,Female,2,26,10,47.50333803,0
1167,m133,Naftisol,Female,2,26,15,48.6652074,1
1168,m133,Naftisol,Female,2,26,20,52.63688249,1
1169,m133,Naftisol,Female,2,26,25,54.08243662,2
1170,m269,Stelasyn,Female,22,28,0,45.0,0
1171,m269,Stelasyn,Female,22,28,5,49.0111801,0
1172,m269,Stelasyn,Female,22,28,10,50.86013006,0
1173,m269,Stelasyn,Female,22,28,15,55.9053436,0
1174,m269,Stelasyn,Female,22,28,20,61.14586638,0
1175,m269,Stelasyn,Female,22,28,25,64.89301976,0
1176,m269,Stelasyn,Female,22,28,30,67.71250988,1
1177,m269,Stelasyn,Female,22,28,35,68.68991735,1
1178,m269,Stelasyn,Female,22,28,40,70.21464419,1
1179,m269,Stelasyn,Female,22,28,45,75.12368955,1
1180,m331,Zoniferol,Female,19,26,0,45.0,0
1181,m331,Zoniferol,Female,19,26,5,45.52301371,1
1182,m331,Zoniferol,Female,19,26,10,47.64687735,1
1183,m331,Zoniferol,Female,19,26,15,52.11008758,1
1184,m550,Ketapril,Male,18,28,0,45.0,0
1185,m550,Ketapril,Male,18,28,5,49.05409736,1
1186,m550,Ketapril,Male,18,28,10,50.54803457,2
1187,m550,Ketapril,Male,18,28,15,51.16606544,3
1188,m550,Ketapril,Male,18,28,20,53.75794476,3
1189,m550,Ketapril,Male,18,28,25,57.62068237,4
1190,m550,Ketapril,Male,18,28,30,60.85654272,4
1191,m550,Ketapril,Male,18,28,35,62.53915386,4
1192,m550,Ketapril,Male,18,28,40,68.21072019,4
1193,m550,Ketapril,Male,18,28,45,69.25350312,4
1194,m650,Ketapril,Male,15,27,0,45.0,0
1195,m650,Ketapril,Male,15,27,5,48.56249492,1
1196,m650,Ketapril,Male,15,27,10,50.96899763,1
1197,m650,Ketapril,Male,15,27,15,53.14955933,1
1198,m650,Ketapril,Male,15,27,20,56.7779388,2
1199,m650,Ketapril,Male,15,27,25,62.2535969,2
1200,m650,Ketapril,Male,15,27,30,64.90188755,3
1201,m650,Ketapril,Male,15,27,35,69.26574681,4
1202,m650,Ketapril,Male,15,27,40,70.79706787,4
1203,m650,Ketapril,Male,15,27,45,73.90139912,4
1204,m756,Infubinol,Male,19,30,0,45.0,0
1205,m756,Infubinol,Male,19,30,5,47.01036401,1
1206,n304,Naftisol,Male,9,26,0,45.0,0
1207,n304,Naftisol,Male,9,26,5,46.43121629,0
1208,n304,Naftisol,Male,9,26,10,47.20125097,0
1209,n304,Naftisol,Male,9,26,15,48.47797895,0
1210,n304,Naftisol,Male,9,26,20,49.25330863,1
1211,n304,Naftisol,Male,9,26,25,53.97085924,2
1212,n304,Naftisol,Male,9,26,30,55.03901985,3
1213,n304,Naftisol,Male,9,26,35,57.12241926,4
1214,n304,Naftisol,Male,9,26,40,59.83050667,4
1215,n304,Naftisol,Male,9,26,45,63.58639514,4
1216,n482,Propriva,Female,4,29,0,45.0,0
1217,n630,Propriva,Female,15,29,0,45.0,0
1218,n630,Propriva,Female,15,29,5,46.09909969,0
1219,n671,Infubinol,Male,18,25,0,45.0,0
1220,n671,Infubinol,Male,18,25,5,47.35388938,0
1221,n671,Infubinol,Male,18,25,10,51.03935653,0
1222,n671,Infubinol,Male,18,25,15,54.21606411,0
1223,n671,Infubinol,Male,18,25,20,54.82252091,0
1224,n671,Infubinol,Male,18,25,25,56.17445785,0
1225,n671,Infubinol,Male,18,25,30,60.16518046,0
1226,n678,Propriva,Male,5,29,0,45.0,0
1227,n678,Propriva,Male,5,29,5,47.55428429,0
1228,n678,Propriva,Male,5,29,10,49.14570866,1
1229,n763,Placebo,Female,16,25,0,45.0,0
1230,n763,Placebo,Female,16,25,5,46.08598142,0
1231,n763,Placebo,Female,16,25,10,46.81731526,1
1232,n763,Placebo,Female,16,25,15,47.79809961,1
1233,n763,Placebo,Female,16,25,20,49.25812581,1
1234,n763,Placebo,Female,16,25,25,53.40587053,2
1235,n763,Placebo,Female,16,25,30,55.41365961,3
1236,n763,Placebo,Female,16,25,35,57.38241296,3
1237,n763,Placebo,Female,16,25,40,58.01114583,4
1238,n923,Ketapril,Male,19,30,0,45.0,0
1239,n923,Ketapril,Male,19,30,5,45.82488099,0
1240,n923,Ketapril,Male,19,30,10,48.79194986,1
1241,n923,Ketapril,Male,19,30,15,51.73870623,1
1242,n923,Ketapril,Male,19,30,20,52.59920611,1
1243,n923,Ketapril,Male,19,30,25,56.85546498,2
1244,n923,Ketapril,Male,19,30,30,59.63256052,3
1245,n923,Ketapril,Male,19,30,35,60.35629432,3
1246,n923,Ketapril,Male,19,30,40,66.22960554,3
1247,n967,Zoniferol,Male,11,27,0,45.0,0
1248,n967,Zoniferol,Male,11,27,5,46.07719173,1
1249,n967,Zoniferol,Male,11,27,10,47.47172327,1
1250,n967,Zoniferol,Male,11,27,15,49.82500362,1
1251,o287,Ceftamin,Male,2,28,0,45.0,0
1252,o287,Ceftamin,Male,2,28,5,45.58680362,0
1253,o287,Ceftamin,Male,2,28,10,47.36020084,1
1254,o287,Ceftamin,Male,2,28,15,48.67945261,1
1255,o287,Ceftamin,Male,2,28,20,50.85614078,2
1256,o287,Ceftamin,Male,2,28,25,52.06848642,3
1257,o287,Ceftamin,Male,2,28,30,54.50300122,3
1258,o287,Ceftamin,Male,2,28,35,55.11829029,4
1259,o287,Ceftamin,Male,2,28,40,57.1971929,4
1260,o287,Ceftamin,Male,2,28,45,59.74190064,4
1261,o302,Placebo,Female,2,29,0,45.0,0
1262,o302,Placebo,Female,2,29,5,48.93701188,0
1263,o302,Placebo,Female,2,29,10,49.70144989,0
1264,o302,Placebo,Female,2,29,15,51.38148886,0
1265,o302,Placebo,Female,2,29,20,56.17761143,0
1266,o302,Placebo,Female,2,29,25,60.51710253,0
1267,o302,Placebo,Female,2,29,30,62.03059364,1
1268,o331,Ketapril,Male,24,30,0,45.0,0
1269,o331,Ketapril,Male,24,30,5,47.05966408,1
1270,o331,Ketapril,Male,24,30,10,50.12845481,1
1271,o331,Ketapril,Male,24,30,15,54.78976769,1
1272,o331,Ketapril,Male,24,30,20,58.96572043,1
1273,o331,Ketapril,Male,24,30,25,61.10230575,1
1274,o331,Ketapril,Male,24,30,30,66.33066347,1
1275,o331,Ketapril,Male,24,30,35,70.12623754,2
1276,o331,Ketapril,Male,24,30,40,71.44774251,3
1277,o331,Ketapril,Male,24,30,45,78.56701362,4
1278,o523,Propriva,Female,6,25,0,45.0,0
1279,o523,Propriva,Female,6,25,5,45.54470008,0
1280,o523,Propriva,Female,6,25,10,47.0810859,1
1281,o562,Propriva,Female,4,25,0,45.0,0
1282,o562,Propriva,Female,4,25,5,46.51495016,1
1283,o562,Propriva,Female,4,25,10,47.14767002,1
1284,o562,Propriva,Female,4,25,15,51.50508551,1
1285,o562,Propriva,Female,4,25,20,53.61686347,1
1286,o562,Propriva,Female,4,25,25,54.74273316,1
1287,o562,Propriva,Female,4,25,30,59.65352453,1
1288,o562,Propriva,Female,4,25,35,65.36076742,1
1289,o562,Propriva,Female,4,25,40,71.17246321,1
1290,o562,Propriva,Female,4,25,45,72.45542116,2
1291,o725,Naftisol,Male,4,26,0,45.0,0
1292,o725,Naftisol,Male,4,26,5,46.88982098,0
1293,o725,Naftisol,Male,4,26,10,48.199452,0
1294,o725,Naftisol,Male,4,26,15,50.01507902,1
1295,o795,Placebo,Female,20,26,0,45.0,0
1296,o795,Placebo,Female,20,26,5,46.76092721,1
1297,o795,Placebo,Female,20,26,10,51.1237037,1
1298,o795,Placebo,Female,20,26,15,55.88633793,2
1299,o795,Placebo,Female,20,26,20,60.61005916,3
1300,o795,Placebo,Female,20,26,25,65.74177723,4
1301,o795,Placebo,Female,20,26,30,68.21706974,4
1302,o795,Placebo,Female,20,26,35,69.08509415,4
1303,o795,Placebo,Female,20,26,40,70.26647887,4
1304,o795,Placebo,Female,20,26,45,73.05945435,4
1305,o809,Infubinol,Male,3,25,0,45.0,0
1306,o809,Infubinol,Male,3,25,5,46.87724316,0
1307,o809,Infubinol,Male,3,25,10,48.6707318,0
1308,o809,Infubinol,Male,3,25,15,49.68344504,1
1309,o809,Infubinol,Male,3,25,20,50.33655288,1
1310,o809,Infubinol,Male,3,25,25,52.31817407,1
1311,o809,Infubinol,Male,3,25,30,54.8326288,1
1312,o809,Infubinol,Male,3,25,35,55.62942846,1
1313,o813,Infubinol,Male,24,28,0,45.0,0
1314,o813,Infubinol,Male,24,28,5,45.69933088,0
1315,o848,Stelasyn,Female,14,27,0,45.0,0
1316,o926,Zoniferol,Male,15,29,0,45.0,0
1317,o926,Zoniferol,Male,15,29,5,46.76116373,0
1318,o926,Zoniferol,Male,15,29,10,47.56567364,1
1319,o926,Zoniferol,Male,15,29,15,48.25424839,1
1320,o926,Zoniferol,Male,15,29,20,51.82663825,2
1321,o926,Zoniferol,Male,15,29,25,54.76333852,3
1322,o926,Zoniferol,Male,15,29,30,56.91739838,3
1323,o926,Zoniferol,Male,15,29,35,58.59399318,3
1324,o926,Zoniferol,Male,15,29,40,59.90304448,3
1325,o926,Zoniferol,Male,15,29,45,62.32796606,4
1326,o973,Ketapril,Female,11,29,0,45.0,0
1327,o973,Ketapril,Female,11,29,5,46.71787727,0
1328,o973,Ketapril,Female,11,29,10,48.24579043,0
1329,o973,Ketapril,Female,11,29,15,49.87193582,0
1330,o973,Ketapril,Female,11,29,20,51.9569931,1
1331,o973,Ketapril,Female,11,29,25,53.17981471,1
1332,o973,Ketapril,Female,11,29,30,57.76995952,1
1333,o973,Ketapril,Female,11,29,35,60.24221931,1
1334,o973,Ketapril,Female,11,29,40,64.48781246,2
1335,p136,Zoniferol,Female,5,28,0,45.0,0
1336,p136,Zoniferol,Female,5,28,5,49.27397096,0
1337,p136,Zoniferol,Female,5,28,10,50.90789028,0
1338,p136,Zoniferol,Female,5,28,15,51.99141616,1
1339,p136,Zoniferol,Female,5,28,20,54.91379857,1
1340,p136,Zoniferol,Female,5,28,25,56.28147652,1
1341,p136,Zoniferol,Female,5,28,30,57.05280546,1
1342,p136,Zoniferol,Female,5,28,35,57.63078195,1
1343,p136,Zoniferol,Female,5,28,40,61.38024887,1
1344,p136,Zoniferol,Female,5,28,45,63.48869678,2
1345,p189,Ketapril,Male,8,28,0,45.0,0
1346,p189,Ketapril,Male,8,28,5,49.04870704,1
1347,p189,Ketapril,Male,8,28,10,51.58216168,2
1348,p189,Ketapril,Male,8,28,15,53.6755415,2
1349,p189,Ketapril,Male,8,28,20,56.53020447,3
1350,p189,Ketapril,Male,8,28,25,62.10895956,3
1351,p189,Ketapril,Male,8,28,30,67.10453665,4
1352,p189,Ketapril,Male,8,28,35,67.87377675,4
1353,p189,Ketapril,Male,8,28,40,74.10609077,4
1354,p189,Ketapril,Male,8,28,45,75.2949359,4
1355,p310,Propriva,Male,6,26,0,45.0,0
1356,p310,Propriva,Male,6,26,5,46.55853236,1
1357,p310,Propriva,Male,6,26,10,48.66560668,1
1358,p310,Propriva,Male,6,26,15,49.77074144,1
1359,p310,Propriva,Male,6,26,20,54.20518054,1
1360,p310,Propriva,Male,6,26,25,55.34183416,2
1361,p387,Stelasyn,Male,3,30,0,45.0,0
1362,p387,Stelasyn,Male,3,30,5,48.66763075,0
1363,p387,Stelasyn,Male,3,30,10,53.36296294,0
1364,p387,Stelasyn,Male,3,30,15,55.25138033,0
1365,p387,Stelasyn,Male,3,30,20,56.5876168,0
1366,p387,Stelasyn,Male,3,30,25,58.09848946,0
1367,p387,Stelasyn,Male,3,30,30,63.26924552,0
1368,p387,Stelasyn,Male,3,30,35,66.4922038,1
1369,p387,Stelasyn,Male,3,30,40,69.03887618,1
1370,p438,Ceftamin,Female,11,26,0,45.0,0
1371,p438,Ceftamin,Female,11,26,5,46.82793418,0
1372,p438,Ceftamin,Female,11,26,10,50.51749789,0
1373,p438,Ceftamin,Female,11,26,15,52.19836818,0
1374,p438,Ceftamin,Female,11,26,20,52.90529861,0
1375,p438,Ceftamin,Female,11,26,25,54.51057493,0
1376,p438,Ceftamin,Female,11,26,30,56.40642173,0
1377,p438,Ceftamin,Female,11,26,35,57.53855546,1
1378,p438,Ceftamin,Female,11,26,40,59.30528806,1
1379,p438,Ceftamin,Female,11,26,45,61.43389223,1
1380,p981,Stelasyn,Male,20,29,0,45.0,0
1381,p981,Stelasyn,Male,20,29,5,47.00062717,0
1382,p981,Stelasyn,Male,20,29,10,47.54584585,0
1383,p981,Stelasyn,Male,20,29,15,49.65770973,0
1384,p981,Stelasyn,Male,20,29,20,50.35806947,0
1385,p981,Stelasyn,Male,20,29,25,52.5447048,1
1386,p981,Stelasyn,Male,20,29,30,56.33910432,1
1387,p981,Stelasyn,Male,20,29,35,59.13102297,1
1388,q119,Ketapril,Male,17,30,0,45.0,0
1389,q119,Ketapril,Male,17,30,5,47.86444,0
1390,q119,Ketapril,Male,17,30,10,51.23660557,0
1391,q132,Infubinol,Female,1,30,0,45.0,0
1392,q132,Infubinol,Female,1,30,5,46.7163985,1
1393,q132,Infubinol,Female,1,30,10,47.95384377,2
1394,q132,Infubinol,Female,1,30,15,49.15974862,3
1395,q132,Infubinol,Female,1,30,20,51.90902494,4
1396,q132,Infubinol,Female,1,30,25,52.7804893,4
1397,q132,Infubinol,Female,1,30,30,54.65654872,4
1398,q483,Ceftamin,Male,6,26,0,45.0,0
1399,q483,Ceftamin,Male,6,26,5,46.77681624,1
1400,q483,Ceftamin,Male,6,26,10,47.8391005,1
1401,q483,Ceftamin,Male,6,26,15,48.4684826,1
1402,q483,Ceftamin,Male,6,26,20,50.2398558,1
1403,q483,Ceftamin,Male,6,26,25,52.43006649,1
1404,q483,Ceftamin,Male,6,26,30,54.95222585,1
1405,q483,Ceftamin,Male,6,26,35,59.25348433,1
1406,q483,Ceftamin,Male,6,26,40,64.19234114,1
1407,q511,Zoniferol,Female,2,28,0,45.0,0
1408,q511,Zoniferol,Female,2,28,5,45.83265378,0
1409,q511,Zoniferol,Female,2,28,10,50.31164687,0
1410,q511,Zoniferol,Female,2,28,15,52.13308139,0
1411,q511,Zoniferol,Female,2,28,20,52.67271205,0
1412,q511,Zoniferol,Female,2,28,25,57.25758287,0
1413,q511,Zoniferol,Female,2,28,30,59.3643535,1
1414,q511,Zoniferol,Female,2,28,35,60.83866059,1
1415,q511,Zoniferol,Female,2,28,40,63.19442807,2
1416,q511,Zoniferol,Female,2,28,45,68.61106075,3
1417,q582,Placebo,Male,5,30,0,45.0,0
1418,q582,Placebo,Male,5,30,5,45.95539895,1
1419,q582,Placebo,Male,5,30,10,47.01357514,1
1420,q582,Placebo,Male,5,30,15,48.32264018,2
1421,q582,Placebo,Male,5,30,20,51.18597648,2
1422,q582,Placebo,Male,5,30,25,51.96821056,2
1423,q582,Placebo,Male,5,30,30,52.6488935,2
1424,q582,Placebo,Male,5,30,35,53.71315792,2
1425,q633,Zoniferol,Male,12,25,0,45.0,0
1426,q633,Zoniferol,Male,12,25,5,47.18380215,0
1427,q633,Zoniferol,Male,12,25,10,49.00186559,0
1428,q633,Zoniferol,Male,12,25,15,50.5835573,1
1429,q633,Zoniferol,Male,12,25,20,53.28728681,1
1430,q633,Zoniferol,Male,12,25,25,55.6831017,1
1431,q633,Zoniferol,Male,12,25,30,58.05725257,1
1432,q633,Zoniferol,Male,12,25,35,63.1256593,1
1433,q633,Zoniferol,Male,12,25,40,68.49863876,2
1434,q633,Zoniferol,Male,12,25,45,70.82779631,2
1435,q787,Placebo,Male,17,27,0,45.0,0
1436,q787,Placebo,Male,17,27,5,47.11661587,0
1437,q787,Placebo,Male,17,27,10,48.59386234,1
1438,q787,Placebo,Male,17,27,15,49.21773243,2
1439,q787,Placebo,Male,17,27,20,50.22993419,2
1440,q787,Placebo,Male,17,27,25,52.71318786,2
1441,q787,Placebo,Male,17,27,30,55.03620625,2
1442,q787,Placebo,Male,17,27,35,60.33385242,3
1443,q787,Placebo,Male,17,27,40,62.0341267,3
1444,q787,Placebo,Male,17,27,45,66.09647477,3
1445,r107,Propriva,Female,2,28,0,45.0,0
1446,r107,Propriva,Female,2,28,5,48.51342027,0
1447,r107,Propriva,Female,2,28,10,49.18601052,0
1448,r107,Propriva,Female,2,28,15,53.09033546,0
1449,r107,Propriva,Female,2,28,20,55.2638584,0
1450,r107,Propriva,Female,2,28,25,57.70666715,1
1451,r107,Propriva,Female,2,28,30,58.40647256,1
1452,r157,Capomulin,Male,22,25,0,45.0,0
1453,r157,Capomulin,Male,22,25,5,45.59706359,0
1454,r157,Capomulin,Male,22,25,10,46.05960827,0
1455,r157,Capomulin,Male,22,25,15,46.53920617,0
1456,r604,Naftisol,Male,7,30,0,45.0,0
1457,r604,Naftisol,Male,7,30,5,47.06774448,1
1458,r604,Naftisol,Male,7,30,10,48.78655957,1
1459,r604,Naftisol,Male,7,30,15,51.07452073,1
1460,r604,Naftisol,Male,7,30,20,51.90275292,1
1461,r604,Naftisol,Male,7,30,25,52.93685812,1
1462,r604,Naftisol,Male,7,30,30,54.68821536,2
1463,r604,Naftisol,Male,7,30,35,59.21700015,2
1464,r604,Naftisol,Male,7,30,40,60.18611531,2
1465,r604,Naftisol,Male,7,30,45,62.67075904,3
1466,r701,Naftisol,Male,21,25,0,45.0,0
1467,r701,Naftisol,Male,21,25,5,46.88697137,0
1468,r701,Naftisol,Male,21,25,10,49.65459636,0
1469,r701,Naftisol,Male,21,25,15,52.48480443,0
1470,r701,Naftisol,Male,21,25,20,54.11413742,0
1471,r701,Naftisol,Male,21,25,25,57.89848998,1
1472,r701,Naftisol,Male,21,25,30,60.34181872,1
1473,r701,Naftisol,Male,21,25,35,64.73001045,1
1474,r701,Naftisol,Male,21,25,40,66.64072178,1
1475,r701,Naftisol,Male,21,25,45,69.77854407,1
1476,r850,Placebo,Male,5,30,0,45.0,0
1477,r850,Placebo,Male,5,30,5,46.86291194,0
1478,r850,Placebo,Male,5,30,10,48.51509085,1
1479,r850,Placebo,Male,5,30,15,50.21860469,1
1480,s121,Infubinol,Male,23,26,0,45.0,0
1481,s121,Infubinol,Male,23,26,5,45.63566174,1
1482,s121,Infubinol,Male,23,26,10,49.04883479,1
1483,s121,Infubinol,Male,23,26,15,50.82456031,2
1484,s121,Infubinol,Male,23,26,20,52.0050659,2
1485,s121,Infubinol,Male,23,26,25,55.65068132,2
1486,s141,Propriva,Male,8,25,0,45.0,0
1487,s141,Propriva,Male,8,25,5,45.83113434,0
1488,s141,Propriva,Male,8,25,10,47.23569156,0
1489,s141,Propriva,Male,8,25,15,49.23234538,1
1490,s141,Propriva,Male,8,25,20,51.6216457,1
1491,s141,Propriva,Male,8,25,25,53.80437038,1
1492,s141,Propriva,Male,8,25,30,55.84141007,1
1493,s152,Placebo,Female,4,30,0,45.0,0
1494,s152,Placebo,Female,4,30,5,47.4590529,1
1495,s152,Placebo,Female,4,30,10,52.1816442,2
1496,s152,Placebo,Female,4,30,15,57.22498064,2
1497,s152,Placebo,Female,4,30,20,62.35160945,2
1498,s152,Placebo,Female,4,30,25,64.11914213,2
1499,s166,Placebo,Male,19,27,0,45.0,0
1500,s166,Placebo,Male,19,27,5,47.18678778,0
1501,s166,Placebo,Male,19,27,10,49.00012468,0
1502,s187,Propriva,Male,22,25,0,45.0,0
1503,s187,Propriva,Male,22,25,5,47.57671761,1
1504,s187,Propriva,Male,22,25,10,48.14635121,1
1505,s187,Propriva,Male,22,25,15,52.08163225,1
1506,s187,Propriva,Male,22,25,20,53.74473406,1
1507,s187,Propriva,Male,22,25,25,56.48521984,1
1508,s187,Propriva,Male,22,25,30,60.00878263,2
1509,s337,Zoniferol,Male,14,27,0,45.0,0
1510,s337,Zoniferol,Male,14,27,5,46.84985157,0
1511,s337,Zoniferol,Male,14,27,10,47.8944415,0
1512,s337,Zoniferol,Male,14,27,15,48.57151582,0
1513,s337,Zoniferol,Male,14,27,20,49.20205408,1
1514,s337,Zoniferol,Male,14,27,25,50.9706889,2
1515,s337,Zoniferol,Male,14,27,30,52.74771768,3
1516,s337,Zoniferol,Male,14,27,35,54.81081251,3
1517,s337,Zoniferol,Male,14,27,40,56.99481589,4
1518,s337,Zoniferol,Male,14,27,45,62.10965102,4
1519,s565,Stelasyn,Female,3,29,0,45.0,0
1520,s565,Stelasyn,Female,3,29,5,48.24255218,0
1521,s565,Stelasyn,Female,3,29,10,52.7775271,0
1522,s565,Stelasyn,Female,3,29,15,54.32831664,1
1523,s565,Stelasyn,Female,3,29,20,57.04618912,1
1524,s565,Stelasyn,Female,3,29,25,58.55361079,1
1525,s565,Stelasyn,Female,3,29,30,63.66896678,1
1526,s565,Stelasyn,Female,3,29,35,64.77657909,2
1527,s565,Stelasyn,Female,3,29,40,67.22100698,2
1528,s565,Stelasyn,Female,3,29,45,72.58896447,2
1529,s619,Stelasyn,Male,22,30,0,45.0,0
1530,s619,Stelasyn,Male,22,30,5,46.60226878,0
1531,t198,Propriva,Male,22,26,0,45.0,0
1532,t198,Propriva,Male,22,26,5,47.46126052,0
1533,t198,Propriva,Male,22,26,10,49.00080978,1
1534,t198,Propriva,Male,22,26,15,49.7811808,2
1535,t198,Propriva,Male,22,26,20,51.49073998,3
1536,t198,Propriva,Male,22,26,25,56.18466399,3
1537,t198,Propriva,Male,22,26,30,56.92497431,3
1538,t198,Propriva,Male,22,26,35,57.73594116,3
1539,t198,Propriva,Male,22,26,40,59.12995997,4
1540,t198,Propriva,Male,22,26,45,64.91136268,4
1541,t451,Stelasyn,Male,8,29,0,45.0,0
1542,t451,Stelasyn,Male,8,29,5,48.04713882,0
1543,t451,Stelasyn,Male,8,29,10,48.95791906,0
1544,t451,Stelasyn,Male,8,29,15,49.65278772,0
1545,t451,Stelasyn,Male,8,29,20,51.06367793,0
1546,t451,Stelasyn,Male,8,29,25,55.52755345,0
1547,t451,Stelasyn,Male,8,29,30,59.27582268,0
1548,t451,Stelasyn,Male,8,29,35,63.75698964,0
1549,t451,Stelasyn,Male,8,29,40,67.65479599,1
1550,t451,Stelasyn,Male,8,29,45,68.7116302,1
1551,t573,Ceftamin,Female,15,27,0,45.0,0
1552,t718,Placebo,Female,10,30,0,45.0,0
1553,t718,Placebo,Female,10,30,5,45.92125272,1
1554,t718,Placebo,Female,10,30,10,46.39268805,1
1555,t718,Placebo,Female,10,30,15,48.08512552,1
1556,t718,Placebo,Female,10,30,20,52.6367,2
1557,t718,Placebo,Female,10,30,25,55.87658787,3
1558,t718,Placebo,Female,10,30,30,57.70411372,3
1559,t718,Placebo,Female,10,30,35,60.46389851,3
1560,t718,Placebo,Female,10,30,40,61.5303989,3
1561,t718,Placebo,Female,10,30,45,63.42369517,4
1562,t724,Naftisol,Female,2,25,0,45.0,0
1563,t724,Naftisol,Female,2,25,5,46.35925829,0
1564,t724,Naftisol,Female,2,25,10,50.70389965,0
1565,t724,Naftisol,Female,2,25,15,55.58461724,0
1566,t724,Naftisol,Female,2,25,20,57.22940914,0
1567,t724,Naftisol,Female,2,25,25,59.82606797,1
1568,t724,Naftisol,Female,2,25,30,64.2345947,2
1569,t724,Naftisol,Female,2,25,35,67.74432795,2
1570,t724,Naftisol,Female,2,25,40,69.72832559,2
1571,t724,Naftisol,Female,2,25,45,75.11328801,2
1572,t994,Placebo,Male,14,30,0,45.0,0
1573,t994,Placebo,Male,14,30,5,47.8914871,0
1574,t994,Placebo,Male,14,30,10,52.6141635,1
1575,t994,Placebo,Male,14,30,15,53.45863887,1
1576,t994,Placebo,Male,14,30,20,56.52795159,1
1577,u149,Ceftamin,Male,24,29,0,45.0,0
1578,u149,Ceftamin,Male,24,29,5,45.79206792,0
1579,u149,Ceftamin,Male,24,29,10,47.40483439,0
1580,u149,Ceftamin,Male,24,29,15,48.52237343,0
1581,u149,Ceftamin,Male,24,29,20,50.37805789,0
1582,u149,Ceftamin,Male,24,29,25,52.92534846,0
1583,u153,Ceftamin,Female,11,25,0,45.0,0
1584,u327,Ketapril,Male,17,25,0,45.0,0
1585,u327,Ketapril,Male,17,25,5,45.69418805,0
1586,u327,Ketapril,Male,17,25,10,49.23525948,0
1587,u327,Ketapril,Male,17,25,15,50.65996437,0
1588,u327,Ketapril,Male,17,25,20,53.18987907,0
1589,u327,Ketapril,Male,17,25,25,56.05963409,0
1590,u327,Ketapril,Male,17,25,30,57.31407239,0
1591,u327,Ketapril,Male,17,25,35,58.08902837,1
1592,u327,Ketapril,Male,17,25,40,60.46654541,1
1593,u327,Ketapril,Male,17,25,45,66.26880133,2
1594,u946,Propriva,Male,5,30,0,45.0,0
1595,u946,Propriva,Male,5,30,5,45.9918078,1
1596,u946,Propriva,Male,5,30,10,46.73050592,1
1597,u946,Propriva,Male,5,30,15,47.67302921,1
1598,u946,Propriva,Male,5,30,20,49.11004966,1
1599,v199,Naftisol,Female,17,29,0,45.0,0
1600,v289,Ketapril,Female,3,26,0,45.0,0
1601,v289,Ketapril,Female,3,26,5,46.20446003,0
1602,v289,Ketapril,Female,3,26,10,48.13348207,0
1603,v289,Ketapril,Female,3,26,15,52.60216564,0
1604,v289,Ketapril,Female,3,26,20,54.25005397,0
1605,v289,Ketapril,Female,3,26,25,56.72009545,0
1606,v295,Naftisol,Female,2,27,0,45.0,0
1607,v295,Naftisol,Female,2,27,5,46.11181797,1
1608,v295,Naftisol,Female,2,27,10,47.53946216,2
1609,v295,Naftisol,Female,2,27,15,50.66605391,2
1610,v295,Naftisol,Female,2,27,20,55.73137535,3
1611,v295,Naftisol,Female,2,27,25,57.69185918,3
1612,v295,Naftisol,Female,2,27,30,59.33377202,3
1613,v295,Naftisol,Female,2,27,35,61.89315267,3
1614,v295,Naftisol,Female,2,27,40,65.46607444,3
1615,v339,Infubinol,Male,20,26,0,45.0,0
1616,v339,Infubinol,Male,20,26,5,46.25011212,0
1617,v409,Placebo,Female,16,25,0,45.0,0
1618,v409,Placebo,Female,16,25,5,46.22079642,0
1619,v409,Placebo,Female,16,25,10,50.64903842,1
1620,v603,Ketapril,Female,22,30,0,45.0,0
1621,v603,Ketapril,Female,22,30,5,46.01600593,0
1622,v603,Ketapril,Female,22,30,10,47.8305568,0
1623,v603,Ketapril,Female,22,30,15,52.10294744,0
1624,v603,Ketapril,Female,22,30,20,53.72124193,0
1625,v603,Ketapril,Female,22,30,25,56.07523001,1
1626,v603,Ketapril,Female,22,30,30,57.99055378,1
1627,v603,Ketapril,Female,22,30,35,63.18943184,1
1628,v719,Infubinol,Female,17,30,0,45.0,0
1629,v719,Infubinol,Female,17,30,5,47.18836325,0
1630,v719,Infubinol,Female,17,30,10,51.49705412,1
1631,v719,Infubinol,Female,17,30,15,52.60910758,1
1632,v719,Infubinol,Female,17,30,20,54.04860769,1
1633,v764,Stelasyn,Female,5,30,0,45.0,0
1634,v764,Stelasyn,Female,5,30,5,47.05418474,0
1635,v764,Stelasyn,Female,5,30,10,48.18900062,1
1636,v764,Stelasyn,Female,5,30,15,49.41262418,2
1637,v766,Infubinol,Male,16,27,0,45.0,0
1638,v766,Infubinol,Male,16,27,5,48.15125091,1
1639,v766,Infubinol,Male,16,27,10,50.36310988,1
1640,v766,Infubinol,Male,16,27,15,51.54243058,1
1641,v835,Naftisol,Male,7,29,0,45.0,0
1642,v835,Naftisol,Male,7,29,5,47.15601071,0
1643,v835,Naftisol,Male,7,29,10,48.96591797,0
1644,v835,Naftisol,Male,7,29,15,50.54520646,1
1645,v835,Naftisol,Male,7,29,20,51.29654266,2
1646,v989,Placebo,Male,4,25,0,45.0,0
1647,v989,Placebo,Male,4,25,5,48.85813451,0
1648,v989,Placebo,Male,4,25,10,52.61468889,1
1649,v991,Propriva,Female,10,30,0,45.0,0
1650,v991,Propriva,Female,10,30,5,49.21432799,1
1651,v991,Propriva,Female,10,30,10,52.6449057,1
1652,v991,Propriva,Female,10,30,15,54.588591,1
1653,v991,Propriva,Female,10,30,20,57.74069459,2
1654,v991,Propriva,Female,10,30,25,60.01674733,2
1655,v991,Propriva,Female,10,30,30,62.74364308,3
1656,v991,Propriva,Female,10,30,35,63.89531294,4
1657,v991,Propriva,Female,10,30,40,64.8511286,4
1658,v991,Propriva,Female,10,30,45,70.16774899,4
1659,w140,Zoniferol,Female,19,30,0,45.0,0
1660,w140,Zoniferol,Female,19,30,5,47.71795156,0
1661,w151,Ceftamin,Male,24,25,0,45.0,0
1662,w151,Ceftamin,Male,24,25,5,45.54607595,1
1663,w151,Ceftamin,Male,24,25,10,46.50147609,1
1664,w151,Ceftamin,Male,24,25,15,47.24292865,1
1665,w151,Ceftamin,Male,24,25,20,49.55426295,2
1666,w151,Ceftamin,Male,24,25,25,51.8690587,2
1667,w151,Ceftamin,Male,24,25,30,56.76715821,2
1668,w151,Ceftamin,Male,24,25,35,58.33914095,2
1669,w151,Ceftamin,Male,24,25,40,62.18795039,2
1670,w151,Ceftamin,Male,24,25,45,67.52748237,3
1671,w167,Placebo,Female,6,28,0,45.0,0
1672,w167,Placebo,Female,6,28,5,48.78627194,0
1673,w167,Placebo,Female,6,28,10,51.82640965,0
1674,w167,Placebo,Female,6,28,15,53.90048909,0
1675,w167,Placebo,Female,6,28,20,57.54815669,0
1676,w167,Placebo,Female,6,28,25,61.86857673,0
1677,w167,Placebo,Female,6,28,30,67.19787186,0
1678,w167,Placebo,Female,6,28,35,68.13428817,0
1679,w193,Infubinol,Male,22,30,0,45.0,0
1680,w193,Infubinol,Male,22,30,5,45.49385802,0
1681,w193,Infubinol,Male,22,30,10,48.34655046,0
1682,w193,Infubinol,Male,22,30,15,49.38557373,0
1683,w193,Infubinol,Male,22,30,20,50.00513807,0
1684,w350,Propriva,Male,7,26,0,45.0,0
1685,w350,Propriva,Male,7,26,5,48.23211311,0
1686,w350,Propriva,Male,7,26,10,48.89955238,0
1687,w350,Propriva,Male,7,26,15,50.8546323,1
1688,w350,Propriva,Male,7,26,20,52.13232061,1
1689,w350,Propriva,Male,7,26,25,52.80591518,1
1690,w350,Propriva,Male,7,26,30,55.87990896,1
1691,w350,Propriva,Male,7,26,35,56.68355758,1
1692,w350,Propriva,Male,7,26,40,62.32434769,2
1693,w350,Propriva,Male,7,26,45,64.95756185,2
1694,w422,Ketapril,Female,18,26,0,45.0,0
1695,w422,Ketapril,Female,18,26,5,48.45745927,0
1696,w422,Ketapril,Female,18,26,10,49.93597024,0
1697,w422,Ketapril,Female,18,26,15,52.24630985,0
1698,w422,Ketapril,Female,18,26,20,53.67624336,1
1699,w422,Ketapril,Female,18,26,25,56.95791715,2
1700,w422,Ketapril,Female,18,26,30,60.09663467,3
1701,w422,Ketapril,Female,18,26,35,61.40961994,4
1702,w422,Ketapril,Female,18,26,40,63.07258467,4
1703,w422,Ketapril,Female,18,26,45,67.98953001,4
1704,w540,Stelasyn,Female,8,26,0,45.0,0
1705,w540,Stelasyn,Female,8,26,5,45.88537038,1
1706,w540,Stelasyn,Female,8,26,10,47.45906658,1
1707,w540,Stelasyn,Female,8,26,15,48.25014636,2
1708,w540,Stelasyn,Female,8,26,20,50.67272745,2
1709,w540,Stelasyn,Female,8,26,25,52.60026955,2
1710,w575,Zoniferol,Female,16,28,0,45.0,0
1711,w575,Zoniferol,Female,16,28,5,48.91385977,1
1712,w575,Zoniferol,Female,16,28,10,50.13595547,1
1713,w575,Zoniferol,Female,16,28,15,50.86745176,1
1714,w575,Zoniferol,Female,16,28,20,55.5918155,1
1715,w575,Zoniferol,Female,16,28,25,58.58732169,1
1716,w575,Zoniferol,Female,16,28,30,60.15306524,1
1717,w575,Zoniferol,Female,16,28,35,63.68644503,2
1718,w575,Zoniferol,Female,16,28,40,64.93840621,3
1719,w575,Zoniferol,Female,16,28,45,68.40128593,3
1720,w584,Infubinol,Male,3,29,0,45.0,0
1721,w584,Infubinol,Male,3,29,5,46.05193075,0
1722,w584,Infubinol,Male,3,29,10,47.29850794,0
1723,w584,Infubinol,Male,3,29,15,51.26543971,0
1724,w584,Infubinol,Male,3,29,20,53.32350743,1
1725,w584,Infubinol,Male,3,29,25,55.65083791,1
1726,w584,Infubinol,Male,3,29,30,58.26844248,1
1727,w697,Stelasyn,Female,14,30,0,45.0,0
1728,w697,Stelasyn,Female,14,30,5,48.30182261,1
1729,w697,Stelasyn,Female,14,30,10,48.925056,2
1730,w697,Stelasyn,Female,14,30,15,52.65726519,2
1731,w697,Stelasyn,Female,14,30,20,54.22809098,3
1732,w697,Stelasyn,Female,14,30,25,57.6103943,3
1733,w697,Stelasyn,Female,14,30,30,60.72063591,3
1734,w697,Stelasyn,Female,14,30,35,63.68904216,3
1735,w746,Propriva,Male,1,26,0,45.0,0
1736,w746,Propriva,Male,1,26,5,49.45327005,0
1737,x111,Propriva,Female,24,27,0,45.0,0
1738,x111,Propriva,Female,24,27,5,46.94101498,1
1739,x111,Propriva,Female,24,27,10,49.12296898,1
1740,x209,Propriva,Female,7,29,0,45.0,0
1741,x209,Propriva,Female,7,29,5,46.75426887,0
1742,x209,Propriva,Female,7,29,10,48.92989543,0
1743,x226,Ceftamin,Male,23,28,0,45.0,0
1744,x264,Naftisol,Female,21,27,0,45.0,0
1745,x264,Naftisol,Female,21,27,5,47.0384145,0
1746,x264,Naftisol,Female,21,27,10,47.88712765,1
1747,x264,Naftisol,Female,21,27,15,50.00231403,1
1748,x264,Naftisol,Female,21,27,20,53.07426973,1
1749,x264,Naftisol,Female,21,27,25,56.89105283,2
1750,x264,Naftisol,Female,21,27,30,58.15869423,3
1751,x264,Naftisol,Female,21,27,35,61.29960778,4
1752,x264,Naftisol,Female,21,27,40,63.28328821,4
1753,x336,Naftisol,Female,4,29,0,45.0,0
1754,x402,Stelasyn,Male,21,28,0,45.0,0
1755,x402,Stelasyn,Male,21,28,5,46.32757027,1
1756,x402,Stelasyn,Male,21,28,10,46.88696249,1
1757,x402,Stelasyn,Male,21,28,15,49.1199478,1
1758,x402,Stelasyn,Male,21,28,20,50.41475041,2
1759,x402,Stelasyn,Male,21,28,25,52.43173664,2
1760,x402,Stelasyn,Male,21,28,30,54.35158463,3
1761,x402,Stelasyn,Male,21,28,35,55.24096223,3
1762,x402,Stelasyn,Male,21,28,40,56.69172294,3
1763,x402,Stelasyn,Male,21,28,45,61.61960615,3
1764,x581,Ceftamin,Female,19,28,0,45.0,0
1765,x581,Ceftamin,Female,19,28,5,47.1969266,0
1766,x581,Ceftamin,Female,19,28,10,49.06702788,1
1767,x581,Ceftamin,Female,19,28,15,49.74642744,2
1768,x581,Ceftamin,Female,19,28,20,51.20796943,3
1769,x581,Ceftamin,Female,19,28,25,51.93528318,3
1770,x581,Ceftamin,Female,19,28,30,55.49282602,3
1771,x581,Ceftamin,Female,19,28,35,58.07758293,3
1772,x581,Ceftamin,Female,19,28,40,60.28040549,3
1773,x581,Ceftamin,Female,19,28,45,64.63494887,3
1774,x613,Zoniferol,Female,2,29,0,45.0,0
1775,x613,Zoniferol,Female,2,29,5,46.09704058,0
1776,x613,Zoniferol,Female,2,29,10,46.8181759,0
1777,x613,Zoniferol,Female,2,29,15,48.0776464,0
1778,x773,Placebo,Female,21,30,0,45.0,0
1779,x773,Placebo,Female,21,30,5,45.8508307,1
1780,x773,Placebo,Female,21,30,10,47.18920597,2
1781,x773,Placebo,Female,21,30,15,47.67123558,3
1782,x773,Placebo,Female,21,30,20,49.7397129,3
1783,x773,Placebo,Female,21,30,25,51.10442109,3
1784,x773,Placebo,Female,21,30,30,52.81311518,4
1785,x773,Placebo,Female,21,30,35,55.19273639,4
1786,x773,Placebo,Female,21,30,40,55.98767551,4
1787,x773,Placebo,Female,21,30,45,58.63497149,4
1788,x822,Ceftamin,Male,3,29,0,45.0,0
1789,x822,Ceftamin,Male,3,29,5,45.67110442,1
1790,x822,Ceftamin,Male,3,29,10,48.98371668,1
1791,x822,Ceftamin,Male,3,29,15,49.69466533,1
1792,x822,Ceftamin,Male,3,29,20,51.91490968,2
1793,x822,Ceftamin,Male,3,29,25,54.04133326,2
1794,x822,Ceftamin,Male,3,29,30,55.44515483,2
1795,x822,Ceftamin,Male,3,29,35,56.79656665,2
1796,x822,Ceftamin,Male,3,29,40,59.55568466,2
1797,x822,Ceftamin,Male,3,29,45,61.38666032,3
1798,x930,Naftisol,Male,13,26,0,45.0,0
1799,x930,Naftisol,Male,13,26,5,46.07823375,0
1800,x930,Naftisol,Male,13,26,10,50.26069441,0
1801,x930,Naftisol,Male,13,26,15,51.97376864,0
1802,x930,Naftisol,Male,13,26,20,52.55606575,0
1803,x930,Naftisol,Male,13,26,25,53.7261013,0
1804,y163,Infubinol,Female,17,27,0,45.0,0
1805,y163,Infubinol,Female,17,27,5,48.28497016,0
1806,y163,Infubinol,Female,17,27,10,49.1123991,1
1807,y163,Infubinol,Female,17,27,15,51.52306843,1
1808,y163,Infubinol,Female,17,27,20,54.57107607,1
1809,y163,Infubinol,Female,17,27,25,56.17638452,1
1810,y163,Infubinol,Female,17,27,30,59.41253724,2
1811,y163,Infubinol,Female,17,27,35,61.73019562,2
1812,y163,Infubinol,Female,17,27,40,63.62067958,2
1813,y163,Infubinol,Female,17,27,45,67.68556862,3
1814,y260,Ketapril,Female,7,25,0,45.0,0
1815,y260,Ketapril,Female,7,25,5,46.79983867,0
1816,y260,Ketapril,Female,7,25,10,48.08180678,1
1817,y260,Ketapril,Female,7,25,15,50.19615224,2
1818,y260,Ketapril,Female,7,25,20,50.72958174,3
1819,y260,Ketapril,Female,7,25,25,54.43756172,4
1820,y260,Ketapril,Female,7,25,30,58.58267634,4
1821,y260,Ketapril,Female,7,25,35,59.60355821,4
1822,y260,Ketapril,Female,7,25,40,60.91417627,4
1823,y260,Ketapril,Female,7,25,45,62.90944062,4
1824,y478,Placebo,Female,3,25,0,45.0,0
1825,y478,Placebo,Female,3,25,5,48.64107818,1
1826,y478,Placebo,Female,3,25,10,52.28893409,1
1827,y478,Placebo,Female,3,25,15,53.61040585,1
1828,y478,Placebo,Female,3,25,20,56.84885016,1
1829,y478,Placebo,Female,3,25,25,57.82697598,1
1830,y478,Placebo,Female,3,25,30,59.37461452,1
1831,y478,Placebo,Female,3,25,35,61.88802678,1
1832,y478,Placebo,Female,3,25,40,65.97112017,1
1833,y478,Placebo,Female,3,25,45,66.84263453,1
1834,y601,Naftisol,Female,23,25,0,45.0,0
1835,y601,Naftisol,Female,23,25,5,48.47500273,1
1836,y769,Ceftamin,Female,6,27,0,45.0,0
1837,y769,Ceftamin,Female,6,27,5,46.42265176,1
1838,y769,Ceftamin,Female,6,27,10,48.01516261,1
1839,y769,Ceftamin,Female,6,27,15,52.76102114,2
1840,y769,Ceftamin,Female,6,27,20,55.02572434,2
1841,y769,Ceftamin,Female,6,27,25,58.33595901,3
1842,y769,Ceftamin,Female,6,27,30,61.07194886,3
1843,y769,Ceftamin,Female,6,27,35,63.43063221,3
1844,y769,Ceftamin,Female,6,27,40,64.25102761,4
1845,y769,Ceftamin,Female,6,27,45,68.59474498,4
1846,y865,Ceftamin,Male,23,26,0,45.0,0
1847,y865,Ceftamin,Male,23,26,5,46.73500592,1
1848,y865,Ceftamin,Male,23,26,10,49.52273955,1
1849,y865,Ceftamin,Male,23,26,15,50.80651856,1
1850,y865,Ceftamin,Male,23,26,20,52.36198241,1
1851,y865,Ceftamin,Male,23,26,25,57.17353846,2
1852,y865,Ceftamin,Male,23,26,30,59.0332753,3
1853,y865,Ceftamin,Male,23,26,35,61.15313991,3
1854,y865,Ceftamin,Male,23,26,40,63.46954946,3
1855,y865,Ceftamin,Male,23,26,45,64.72983655,3
1856,z234,Naftisol,Female,19,27,0,45.0,0
1857,z234,Naftisol,Female,19,27,5,46.12935706,1
1858,z314,Stelasyn,Female,21,28,0,45.0,0
1859,z314,Stelasyn,Female,21,28,5,45.93471217,0
1860,z435,Propriva,Female,12,26,0,45.0,0
1861,z435,Propriva,Female,12,26,5,47.11597963,0
1862,z435,Propriva,Female,12,26,10,48.71066147,0
1863,z581,Infubinol,Female,24,25,0,45.0,0
1864,z581,Infubinol,Female,24,25,5,49.27309187,1
1865,z581,Infubinol,Female,24,25,10,50.47875016,2
1866,z581,Infubinol,Female,24,25,15,51.1963042,2
1867,z581,Infubinol,Female,24,25,20,51.80794416,2
1868,z581,Infubinol,Female,24,25,25,54.31640682,2
1869,z581,Infubinol,Female,24,25,30,56.28674991,2
1870,z581,Infubinol,Female,24,25,35,58.62839878,3
1871,z581,Infubinol,Female,24,25,40,60.05373963,3
1872,z581,Infubinol,Female,24,25,45,62.75445141,3
1873,z795,Naftisol,Female,13,29,0,45.0,0
1874,z795,Naftisol,Female,13,29,5,46.83347493,0
1875,z795,Naftisol,Female,13,29,10,48.0308039,0
1876,z795,Naftisol,Female,13,29,15,49.36813189,1
1877,z795,Naftisol,Female,13,29,20,53.28065717,1
1878,z795,Naftisol,Female,13,29,25,57.94709984,2
1879,z795,Naftisol,Female,13,29,30,59.7896359,2
1880,z795,Naftisol,Female,13,29,35,60.43565416,2
1881,z795,Naftisol,Female,13,29,40,62.37663884,3
1882,z795,Naftisol,Female,13,29,45,65.74107029,3
1883,z969,Naftisol,Male,9,30,0,45.0,0
1884,z969,Naftisol,Male,9,30,5,49.33299873,0
1885,z969,Naftisol,Male,9,30,10,52.65608148,1
1886,z969,Naftisol,Male,9,30,15,54.71300452,2
1887,z969,Naftisol,Male,9,30,20,57.89877823,2
1888,z969,Naftisol,Male,9,30,25,63.14565213,2
1889,z969,Naftisol,Male,9,30,30,65.84101274,3
1890,z969,Naftisol,Male,9,30,35,69.17624607,4
1891,z969,Naftisol,Male,9,30,40,70.31490411,4
1892,z969,Naftisol,Male,9,30,45,73.86784476,4
